<?xml version="1.0" encoding="UTF-8"?>
<!--
     Attention: Generated code! Do not modify by hand!
     Generated by: hibernate.hbm.xml.vsl in andromda-hibernate-cartridge.
  -->
<!DOCTYPE hibernate-mapping PUBLIC "-//Hibernate/Hibernate Mapping DTD 3.0//EN"
          "http://hibernate.sourceforge.net/hibernate-mapping-3.0.dtd">

<hibernate-mapping default-cascade="none">
    <class name="com.oatsystems.udm.apps.AppPropertyGroupImpl" table="APP_PROPERTY_GROUP" dynamic-insert="false" dynamic-update="false">
        <id name="propertyGroupID" type="java.lang.Long" unsaved-value="null">
            <column name="PROPERTY_GROUP_ID" sql-type="INTEGER"/>
            <generator class="native">
            </generator>
        </id>
        <property name="insertDate" type="java.sql.Timestamp">
            <column name="insert_date" not-null="false" unique="false" sql-type="DATETIME"/>
        </property>
        <property name="updateDate" type="java.sql.Timestamp">
            <column name="update_date" not-null="false" unique="false" sql-type="DATETIME"/>
        </property>
        <property name="LKHashCode" type="java.lang.Long">
            <column name="lk_hashcode" not-null="false" unique="false" sql-type="INTEGER"/>
        </property>
        <property name="deleted" type="true_false">
            <column name="DELETED" not-null="false" unique="false" sql-type="CHAR(1)" default="'F'"/>
        </property>
        <property name="lastUpdateState" type="java.lang.Long">
            <column name="LAST_UPDATE_STATE" not-null="false" unique="false" sql-type="INTEGER"/>
        </property>
        <property name="state" type="java.lang.Long">
            <column name="STATE" not-null="false" unique="false" sql-type="INTEGER"/>
        </property>
        <property name="guid" type="java.lang.String">
            <column name="GUID" not-null="false" unique="false" sql-type="NVARCHAR(255) COLLATE SQL_Latin1_General_CP1_CS_AS"/>
        </property>
        <set name="locationSets" order-by="property_group_id" lazy="true" fetch="select" inverse="true">
            <key foreign-key="locationSet_fk1">
                <column name="property_group_id" sql-type="INTEGER"/>
            </key>
            <one-to-many class="com.oatsystems.udm.apps.LocationSetImpl"/>
        </set>
        <set name="properties" order-by="PROPERTY_GROUP_ID" lazy="true" fetch="select" inverse="true">
            <key foreign-key="appProp_fk1">
                <column name="PROPERTY_GROUP_ID" sql-type="INTEGER"/>
            </key>
            <one-to-many class="com.oatsystems.udm.apps.AppPropertyImpl"/>
        </set>
        <many-to-one name="customPropertyGroupMd" class="com.oatsystems.udm.common.CustomPropertyGroupMdImpl" foreign-key="APP_PROP_GRP_FK1" lazy="proxy" fetch="select">
            <column name="CUSTOM_PROPERTY_GROUP_MD_ID" not-null="false" sql-type="INTEGER"/>
        </many-to-one>
    </class>
</hibernate-mapping>