<?xml version="1.0" encoding="UTF-8"?>
<!--
     Attention: Generated code! Do not modify by hand!
     Generated by: hibernate.hbm.xml.vsl in andromda-hibernate-cartridge.
  -->
<!DOCTYPE hibernate-mapping PUBLIC "-//Hibernate/Hibernate Mapping DTD 3.0//EN"
          "http://hibernate.sourceforge.net/hibernate-mapping-3.0.dtd">

<hibernate-mapping default-cascade="none">
    <class name="com.oatsystems.udm.apps.LocationSetImpl" table="location_set" dynamic-insert="false" dynamic-update="false">
        <id name="locationSetId" type="java.lang.Long" unsaved-value="null">
            <column name="location_set_id" sql-type="INTEGER"/>
            <generator class="native">
            </generator>
        </id>
        <property name="deleted" type="true_false">
            <column name="DELETED" not-null="false" unique="false" sql-type="CHAR(1)" default="'F'"/>
        </property>
        <property name="lastUpdateState" type="java.lang.Long">
            <column name="LAST_UPDATE_STATE" not-null="false" unique="false" sql-type="INTEGER"/>
        </property>
        <property name="state" type="java.lang.Long">
            <column name="STATE" not-null="false" unique="false" sql-type="INTEGER"/>
        </property>
        <property name="guid" type="java.lang.String">
            <column name="GUID" not-null="false" unique="false" sql-type="NVARCHAR(255) COLLATE SQL_Latin1_General_CP1_CS_AS"/>
        </property>
        <property name="leafLocationsOnly" type="true_false">
            <column name="leaf_locations_only" not-null="false" unique="false" sql-type="CHAR(1)" default="'F'"/>
        </property>
        <property name="internalIdentifier" type="java.lang.String">
            <column name="internal_identifier" not-null="false" unique="false" sql-type="NVARCHAR(100) COLLATE SQL_Latin1_General_CP1_CS_AS"/>
        </property>
        <property name="externalIdentifier" type="java.lang.String">
            <column name="external_identifier" not-null="false" unique="false" sql-type="NVARCHAR(1000) COLLATE SQL_Latin1_General_CP1_CS_AS"/>
        </property>
        <many-to-one name="locSetCreationMtd" class="com.oatsystems.udm.apps.LocSetCreationMtdImpl" foreign-key="locationSet_fk3" lazy="proxy" fetch="select">
            <column name="loc_set_creation_mtd_id" not-null="false" sql-type="INTEGER"/>
        </many-to-one>
        <many-to-one name="sensewareInstall" class="com.oatsystems.udm.sw.SensewareInstallImpl" foreign-key="locationSet_fk2" lazy="proxy" fetch="select">
            <column name="senseware_install_id" not-null="false" sql-type="INTEGER"/>
        </many-to-one>
        <many-to-one name="appPropertyGroup" class="com.oatsystems.udm.apps.AppPropertyGroupImpl" foreign-key="locationSet_fk1" lazy="proxy" fetch="select">
            <column name="property_group_id" not-null="false" sql-type="INTEGER"/>
        </many-to-one>
        <set name="locationSetElements" order-by="location_set_id" lazy="true" fetch="select" inverse="true">
            <key foreign-key="locSetElmt_fk1">
                <column name="location_set_id" sql-type="INTEGER"/>
            </key>
            <one-to-many class="com.oatsystems.udm.apps.LocationSetElementImpl"/>
        </set>
    </class>
</hibernate-mapping>