<?xml version="1.0" encoding="UTF-8"?>
<!--
     Attention: Generated code! Do not modify by hand!
     Generated by: hibernate.hbm.xml.vsl in andromda-hibernate-cartridge.
  -->
<!DOCTYPE hibernate-mapping PUBLIC "-//Hibernate/Hibernate Mapping DTD 3.0//EN"
          "http://hibernate.sourceforge.net/hibernate-mapping-3.0.dtd">

<hibernate-mapping default-cascade="none">
    <class name="com.oatsystems.udm.apps.LocSetCreationMtdImpl" table="loc_set_creation_mtd" dynamic-insert="false" dynamic-update="false">
        <id name="locSetCreationMtdId" type="java.lang.Long" unsaved-value="null">
            <column name="loc_set_creation_mtd_id" sql-type="INTEGER"/>
            <generator class="native">
            </generator>
        </id>
        <property name="deleted" type="true_false">
            <column name="DELETED" not-null="false" unique="false" sql-type="CHAR(1)" default="'F'"/>
        </property>
        <property name="lastUpdateState" type="java.lang.Long">
            <column name="LAST_UPDATE_STATE" not-null="false" unique="false" sql-type="INTEGER"/>
        </property>
        <property name="state" type="java.lang.Long">
            <column name="STATE" not-null="false" unique="false" sql-type="INTEGER"/>
        </property>
        <property name="guid" type="java.lang.String">
            <column name="GUID" not-null="false" unique="false" sql-type="NVARCHAR(255) COLLATE SQL_Latin1_General_CP1_CS_AS"/>
        </property>
        <property name="method" type="java.lang.String">
            <column name="method" not-null="false" unique="false" sql-type="NVARCHAR(100) COLLATE SQL_Latin1_General_CP1_CS_AS"/>
        </property>
        <property name="description" type="java.lang.String">
            <column name="description" not-null="false" unique="false" sql-type="NVARCHAR(100) COLLATE SQL_Latin1_General_CP1_CS_AS"/>
        </property>
        <many-to-one name="logicalPropertyGroup" class="com.oatsystems.udm.logicalObj.LogicalPropertyGroupImpl" foreign-key="locSetCrtnMd_fk1" lazy="proxy" fetch="select">
            <column name="property_group_id" not-null="false" sql-type="INTEGER"/>
        </many-to-one>
        <set name="locationSets" order-by="loc_set_creation_mtd_id" lazy="true" fetch="select" inverse="true">
            <key foreign-key="locationSet_fk3">
                <column name="loc_set_creation_mtd_id" sql-type="INTEGER"/>
            </key>
            <one-to-many class="com.oatsystems.udm.apps.LocationSetImpl"/>
        </set>
    </class>
</hibernate-mapping>