<?xml version="1.0" encoding="UTF-8"?>
<!--
     Attention: Generated code! Do not modify by hand!
     Generated by: hibernate.hbm.xml.vsl in andromda-hibernate-cartridge.
  -->
<!DOCTYPE hibernate-mapping PUBLIC "-//Hibernate/Hibernate Mapping DTD 3.0//EN"
          "http://hibernate.sourceforge.net/hibernate-mapping-3.0.dtd">

<hibernate-mapping default-cascade="none">
    <class name="com.oatsystems.udm.appAlert.AggregationImpl" table="aggregation" dynamic-insert="false" dynamic-update="false">
        <id name="aggregationId" type="java.lang.Long" unsaved-value="null">
            <column name="aggregation_id" sql-type="INTEGER"/>
            <generator class="native">
            </generator>
        </id>
        <property name="timestamp" type="java.lang.Long">
            <column name="timestamp" not-null="false" unique="false" sql-type="BIGINT"/>
        </property>
        <property name="dbTimestamp" type="java.sql.Timestamp">
            <column name="db_timestamp" not-null="false" unique="false" sql-type="DATETIME"/>
        </property>
        <property name="epc" type="java.lang.String">
            <column name="epc" not-null="false" unique="false" sql-type="NVARCHAR(256) COLLATE SQL_Latin1_General_CP1_CS_AS"/>
        </property>
        <property name="locationEpc" type="java.lang.String">
            <column name="location_epc" not-null="false" unique="false" sql-type="NVARCHAR(100) COLLATE SQL_Latin1_General_CP1_CS_AS"/>
        </property>
    </class>
</hibernate-mapping>