<?xml version="1.0" encoding="UTF-8"?>
<!--
     Attention: Generated code! Do not modify by hand!
     Generated by: hibernate.hbm.xml.vsl in andromda-hibernate-cartridge.
  -->
<!DOCTYPE hibernate-mapping PUBLIC "-//Hibernate/Hibernate Mapping DTD 3.0//EN"
          "http://hibernate.sourceforge.net/hibernate-mapping-3.0.dtd">

<hibernate-mapping default-cascade="none">
    <class name="com.oatsystems.udm.appAlert.EpcSetImpl" table="epc_set" dynamic-insert="false" dynamic-update="false">
        <id name="epcSetId" type="java.lang.Long" unsaved-value="null">
            <column name="epc_set_id" sql-type="INTEGER"/>
            <generator class="native">
            </generator>
        </id>
        <property name="deleted" type="true_false">
            <column name="DELETED" not-null="false" unique="false" sql-type="CHAR(1)" default="'F'"/>
        </property>
        <property name="lastUpdateState" type="java.lang.Long">
            <column name="LAST_UPDATE_STATE" not-null="false" unique="false" sql-type="INTEGER"/>
        </property>
        <property name="state" type="java.lang.Long">
            <column name="STATE" not-null="false" unique="false" sql-type="INTEGER"/>
        </property>
        <property name="guid" type="java.lang.String">
            <column name="GUID" not-null="false" unique="false" sql-type="NVARCHAR(255) COLLATE SQL_Latin1_General_CP1_CS_AS"/>
        </property>
        <property name="epcSetType" type="java.lang.Long">
            <column name="epc_set_type" not-null="false" unique="false" sql-type="INTEGER"/>
        </property>
        <property name="genTimestamp" type="java.lang.Long">
            <column name="gen_timestamp" not-null="false" unique="false" sql-type="BIGINT"/>
        </property>
        <property name="dbGenTimestamp" type="java.sql.Timestamp">
            <column name="db_gen_timestamp" not-null="false" unique="false" sql-type="DATETIME"/>
        </property>
        <property name="description" type="java.lang.String">
            <column name="description" not-null="false" unique="false" sql-type="NVARCHAR(100) COLLATE SQL_Latin1_General_CP1_CS_AS"/>
        </property>
        <property name="string1" type="java.lang.String">
            <column name="string1" not-null="false" unique="false" sql-type="NVARCHAR(100) COLLATE SQL_Latin1_General_CP1_CS_AS"/>
        </property>
        <property name="string2" type="java.lang.String">
            <column name="string2" not-null="false" unique="false" sql-type="NVARCHAR(100) COLLATE SQL_Latin1_General_CP1_CS_AS"/>
        </property>
        <property name="long1" type="java.lang.Long">
            <column name="long1" not-null="false" unique="false" sql-type="BIGINT"/>
        </property>
        <property name="long2" type="java.lang.Long">
            <column name="long2" not-null="false" unique="false" sql-type="BIGINT"/>
        </property>
        <set name="epcSetElements" order-by="epc_set_id" lazy="true" fetch="select" inverse="true">
            <key foreign-key="epcSetElmt_fk1">
                <column name="epc_set_id" sql-type="INTEGER"/>
            </key>
            <one-to-many class="com.oatsystems.udm.appAlert.EpcSetElementImpl"/>
        </set>
        <set name="events" order-by="epc_set_id" lazy="true" fetch="select" inverse="true">
            <key foreign-key="event_fk2">
                <column name="epc_set_id" sql-type="INTEGER"/>
            </key>
            <one-to-many class="com.oatsystems.udm.appAlert.EventImpl"/>
        </set>
        <set name="alerts" order-by="epc_set_id" lazy="true" fetch="select" inverse="true">
            <key foreign-key="alert_fk1">
                <column name="epc_set_id" sql-type="INTEGER"/>
            </key>
            <one-to-many class="com.oatsystems.udm.appAlert.AlertImpl"/>
        </set>
    </class>
</hibernate-mapping>