<?xml version="1.0" encoding="UTF-8"?>
<!--
     Attention: Generated code! Do not modify by hand!
     Generated by: hibernate.hbm.xml.vsl in andromda-hibernate-cartridge.
  -->
<!DOCTYPE hibernate-mapping PUBLIC "-//Hibernate/Hibernate Mapping DTD 3.0//EN"
          "http://hibernate.sourceforge.net/hibernate-mapping-3.0.dtd">

<hibernate-mapping default-cascade="none">
    <class name="com.oatsystems.udm.appAlert.EpcSetElementImpl" table="epc_set_element" dynamic-insert="false" dynamic-update="false">
        <id name="epcSetElementId" type="java.lang.Long" unsaved-value="null">
            <column name="epc_set_element_id" sql-type="INTEGER"/>
            <generator class="native">
            </generator>
        </id>
        <property name="deleted" type="true_false">
            <column name="DELETED" not-null="false" unique="false" sql-type="CHAR(1)" default="'F'"/>
        </property>
        <property name="lastUpdateState" type="java.lang.Long">
            <column name="LAST_UPDATE_STATE" not-null="false" unique="false" sql-type="INTEGER"/>
        </property>
        <property name="state" type="java.lang.Long">
            <column name="STATE" not-null="false" unique="false" sql-type="INTEGER"/>
        </property>
        <property name="guid" type="java.lang.String">
            <column name="GUID" not-null="false" unique="false" sql-type="NVARCHAR(255) COLLATE SQL_Latin1_General_CP1_CS_AS"/>
        </property>
        <property name="epc" type="java.lang.String">
            <column name="epc" not-null="false" unique="false" sql-type="NVARCHAR(256) COLLATE SQL_Latin1_General_CP1_CS_AS"/>
        </property>
        <property name="timestamp" type="java.lang.Long">
            <column name="timestamp" not-null="false" unique="false" sql-type="BIGINT"/>
        </property>
        <property name="string1" type="java.lang.String">
            <column name="string1" not-null="false" unique="false" sql-type="NVARCHAR(100) COLLATE SQL_Latin1_General_CP1_CS_AS"/>
        </property>
        <property name="string2" type="java.lang.String">
            <column name="string2" not-null="false" unique="false" sql-type="NVARCHAR(100) COLLATE SQL_Latin1_General_CP1_CS_AS"/>
        </property>
        <property name="string3" type="java.lang.String">
            <column name="string3" not-null="false" unique="false" sql-type="NVARCHAR(100) COLLATE SQL_Latin1_General_CP1_CS_AS"/>
        </property>
        <property name="string4" type="java.lang.String">
            <column name="string4" not-null="false" unique="false" sql-type="NVARCHAR(100) COLLATE SQL_Latin1_General_CP1_CS_AS"/>
        </property>
        <property name="string5" type="java.lang.String">
            <column name="string5" not-null="false" unique="false" sql-type="NVARCHAR(100) COLLATE SQL_Latin1_General_CP1_CS_AS"/>
        </property>
        <property name="long1" type="java.lang.Long">
            <column name="long1" not-null="false" unique="false" sql-type="BIGINT"/>
        </property>
        <property name="long2" type="java.lang.Long">
            <column name="long2" not-null="false" unique="false" sql-type="BIGINT"/>
        </property>
        <many-to-one name="epcSet" class="com.oatsystems.udm.appAlert.EpcSetImpl" foreign-key="epcSetElmt_fk1" lazy="proxy" fetch="select">
            <column name="epc_set_id" not-null="false" sql-type="INTEGER"/>
        </many-to-one>
    </class>
</hibernate-mapping>