<?xml version="1.0" encoding="UTF-8"?>
<!--
     Attention: Generated code! Do not modify by hand!
     Generated by: hibernate.hbm.xml.vsl in andromda-hibernate-cartridge.
  -->
<!DOCTYPE hibernate-mapping PUBLIC "-//Hibernate/Hibernate Mapping DTD 3.0//EN"
          "http://hibernate.sourceforge.net/hibernate-mapping-3.0.dtd">

<hibernate-mapping default-cascade="none">
    <class name="com.oatsystems.udm.appAlert.EventImpl" table="event" dynamic-insert="false" dynamic-update="false">
        <id name="eventId" type="java.lang.Long" unsaved-value="null">
            <column name="event_id" sql-type="INTEGER"/>
            <generator class="native">
            </generator>
        </id>
        <property name="deleted" type="true_false">
            <column name="DELETED" not-null="false" unique="false" sql-type="CHAR(1)" default="'F'"/>
        </property>
        <property name="lastUpdateState" type="java.lang.Long">
            <column name="LAST_UPDATE_STATE" not-null="false" unique="false" sql-type="INTEGER"/>
        </property>
        <property name="state" type="java.lang.Long">
            <column name="STATE" not-null="false" unique="false" sql-type="INTEGER"/>
        </property>
        <property name="guid" type="java.lang.String">
            <column name="GUID" not-null="false" unique="false" sql-type="NVARCHAR(255) COLLATE SQL_Latin1_General_CP1_CS_AS"/>
        </property>
        <property name="subType" type="java.lang.Long">
            <column name="sub_type" not-null="false" unique="false" sql-type="INTEGER"/>
        </property>
        <property name="genTimestamp" type="java.lang.Long">
            <column name="gen_timestamp" not-null="true" unique="false" sql-type="BIGINT"/>
        </property>
        <property name="dbGenTimestamp" type="java.sql.Timestamp">
            <column name="db_gen_timestamp" not-null="false" unique="false" sql-type="DATETIME"/>
        </property>
        <property name="locationEpc" type="java.lang.String">
            <column name="location_epc" not-null="false" unique="false" sql-type="NVARCHAR(100) COLLATE SQL_Latin1_General_CP1_CS_AS"/>
        </property>
        <property name="description" type="java.lang.String">
            <column name="description" not-null="false" unique="false" sql-type="NVARCHAR(500) COLLATE SQL_Latin1_General_CP1_CS_AS"/>
        </property>
        <set name="userEventsses" order-by="event_id" lazy="true" fetch="select" inverse="true">
            <key foreign-key="userEvents_fk2">
                <column name="event_id" sql-type="INTEGER"/>
            </key>
            <one-to-many class="com.oatsystems.udm.appAlert.UserEventsImpl"/>
        </set>
        <many-to-one name="eventType" class="com.oatsystems.udm.appAlert.EventTypeImpl" foreign-key="event_fk1" lazy="proxy" fetch="select">
            <column name="type" not-null="true" sql-type="INTEGER"/>
        </many-to-one>
        <many-to-one name="epcSet" class="com.oatsystems.udm.appAlert.EpcSetImpl" foreign-key="event_fk2" lazy="proxy" fetch="select">
            <column name="epc_set_id" not-null="false" sql-type="INTEGER"/>
        </many-to-one>
    </class>
</hibernate-mapping>