<?xml version="1.0" encoding="UTF-8"?>
<!--
     Attention: Generated code! Do not modify by hand!
     Generated by: hibernate.hbm.xml.vsl in andromda-hibernate-cartridge.
  -->
<!DOCTYPE hibernate-mapping PUBLIC "-//Hibernate/Hibernate Mapping DTD 3.0//EN"
          "http://hibernate.sourceforge.net/hibernate-mapping-3.0.dtd">

<hibernate-mapping default-cascade="none">
    <class name="com.oatsystems.udm.appAlert.ImageSetImpl" table="image_set" dynamic-insert="false" dynamic-update="false">
        <id name="imageSetId" type="java.lang.Long" unsaved-value="null">
            <column name="image_set_id" sql-type="INTEGER"/>
            <generator class="native">
            </generator>
        </id>
        <property name="deleted" type="true_false">
            <column name="DELETED" not-null="false" unique="false" sql-type="CHAR(1)" default="'F'"/>
        </property>
        <property name="lastUpdateState" type="java.lang.Long">
            <column name="LAST_UPDATE_STATE" not-null="false" unique="false" sql-type="INTEGER"/>
        </property>
        <property name="state" type="java.lang.Long">
            <column name="STATE" not-null="false" unique="false" sql-type="INTEGER"/>
        </property>
        <property name="guid" type="java.lang.String">
            <column name="GUID" not-null="false" unique="false" sql-type="NVARCHAR(255) COLLATE SQL_Latin1_General_CP1_CS_AS"/>
        </property>
        <property name="genTimestamp" type="java.lang.Long">
            <column name="gen_timestamp" not-null="false" unique="false" sql-type="BIGINT"/>
        </property>
        <property name="dbGenTimestamp" type="java.sql.Timestamp">
            <column name="db_gen_timestamp" not-null="false" unique="false" sql-type="DATETIME"/>
        </property>
        <property name="imageSetIdentifier" type="java.lang.String">
            <column name="image_set_identifier" not-null="false" unique="false" sql-type="NVARCHAR(100) COLLATE SQL_Latin1_General_CP1_CS_AS"/>
        </property>
        <property name="httpurl" type="java.lang.String">
            <column name="httpURL" not-null="false" unique="false" sql-type="NVARCHAR(200) COLLATE SQL_Latin1_General_CP1_CS_AS"/>
        </property>
        <property name="string1" type="java.lang.String">
            <column name="string1" not-null="false" unique="false" sql-type="NVARCHAR(100) COLLATE SQL_Latin1_General_CP1_CS_AS"/>
        </property>
        <property name="string2" type="java.lang.String">
            <column name="string2" not-null="false" unique="false" sql-type="NVARCHAR(100) COLLATE SQL_Latin1_General_CP1_CS_AS"/>
        </property>
        <property name="long1" type="java.lang.Long">
            <column name="long1" not-null="false" unique="false" sql-type="BIGINT"/>
        </property>
        <property name="long2" type="java.lang.Long">
            <column name="long2" not-null="false" unique="false" sql-type="BIGINT"/>
        </property>
        <set name="imageSetElements" order-by="image_set_id" lazy="true" fetch="select" inverse="true">
            <key foreign-key="imageSetElmt_fk1">
                <column name="image_set_id" sql-type="INTEGER"/>
            </key>
            <one-to-many class="com.oatsystems.udm.appAlert.ImageSetElementImpl"/>
        </set>
    </class>
</hibernate-mapping>