<?xml version="1.0" encoding="UTF-8"?>
<!--
     Attention: Generated code! Do not modify by hand!
     Generated by: hibernate.hbm.xml.vsl in andromda-hibernate-cartridge.
  -->
<!DOCTYPE hibernate-mapping PUBLIC "-//Hibernate/Hibernate Mapping DTD 3.0//EN"
          "http://hibernate.sourceforge.net/hibernate-mapping-3.0.dtd">

<hibernate-mapping default-cascade="none">
    <class name="com.oatsystems.udm.appAlert.ShipmentImpl" table="shipment" dynamic-insert="false" dynamic-update="false">
        <id name="shipmentId" type="java.lang.Long" unsaved-value="null">
            <column name="shipment_id" sql-type="INTEGER"/>
            <generator class="native">
            </generator>
        </id>
        <property name="deleted" type="true_false">
            <column name="DELETED" not-null="false" unique="false" sql-type="CHAR(1)" default="'F'"/>
        </property>
        <property name="lastUpdateState" type="java.lang.Long">
            <column name="LAST_UPDATE_STATE" not-null="false" unique="false" sql-type="INTEGER"/>
        </property>
        <property name="state" type="java.lang.Long">
            <column name="STATE" not-null="false" unique="false" sql-type="INTEGER"/>
        </property>
        <property name="guid" type="java.lang.String">
            <column name="GUID" not-null="false" unique="false" sql-type="NVARCHAR(255) COLLATE SQL_Latin1_General_CP1_CS_AS"/>
        </property>
        <property name="originLocationEpc" type="java.lang.String">
            <column name="origin_location_epc" not-null="true" unique="false" sql-type="NVARCHAR(100) COLLATE SQL_Latin1_General_CP1_CS_AS"/>
        </property>
        <property name="destinationLocationEpc" type="java.lang.String">
            <column name="destination_location_epc" not-null="false" unique="false" sql-type="NVARCHAR(100) COLLATE SQL_Latin1_General_CP1_CS_AS"/>
        </property>
        <property name="originDepTime" type="java.lang.Long">
            <column name="origin_dep_time" not-null="true" unique="false" sql-type="BIGINT"/>
        </property>
        <property name="dbOriginDepTime" type="java.sql.Timestamp">
            <column name="db_origin_dep_time" not-null="false" unique="false" sql-type="DATETIME"/>
        </property>
        <property name="destArrTime" type="java.lang.Long">
            <column name="dest_arr_time" not-null="false" unique="false" sql-type="BIGINT"/>
        </property>
        <property name="dbDestArrTime" type="java.sql.Timestamp">
            <column name="db_dest_arr_time" not-null="false" unique="false" sql-type="DATETIME"/>
        </property>
    </class>
</hibernate-mapping>