<?xml version="1.0" encoding="UTF-8"?>
<!--
     Attention: Generated code! Do not modify by hand!
     Generated by: hibernate.hbm.xml.vsl in andromda-hibernate-cartridge.
  -->
<!DOCTYPE hibernate-mapping PUBLIC "-//Hibernate/Hibernate Mapping DTD 3.0//EN"
          "http://hibernate.sourceforge.net/hibernate-mapping-3.0.dtd">

<hibernate-mapping default-cascade="none">
    <class name="com.oatsystems.udm.appAlert.StockoutAlertImpl" table="stockout_alert" dynamic-insert="false" dynamic-update="false">
        <id name="stockoutAlertId" type="java.lang.Long" unsaved-value="null">
            <column name="stockout_alert_id" sql-type="INTEGER"/>
            <generator class="native">
            </generator>
        </id>
        <property name="deleted" type="true_false">
            <column name="DELETED" not-null="false" unique="false" sql-type="CHAR(1)" default="'F'"/>
        </property>
        <property name="lastUpdateState" type="java.lang.Long">
            <column name="LAST_UPDATE_STATE" not-null="false" unique="false" sql-type="INTEGER"/>
        </property>
        <property name="state" type="java.lang.Long">
            <column name="STATE" not-null="false" unique="false" sql-type="INTEGER"/>
        </property>
        <property name="guid" type="java.lang.String">
            <column name="GUID" not-null="false" unique="false" sql-type="NVARCHAR(255) COLLATE SQL_Latin1_General_CP1_CS_AS"/>
        </property>
        <property name="manufacturerName" type="java.lang.String">
            <column name="manufacturer_name" not-null="false" unique="false" sql-type="NVARCHAR(100) COLLATE SQL_Latin1_General_CP1_CS_AS"/>
        </property>
        <property name="epcDescription" type="java.lang.String">
            <column name="epc_description" not-null="false" unique="false" sql-type="NVARCHAR(100) COLLATE SQL_Latin1_General_CP1_CS_AS"/>
        </property>
        <property name="comfortLevel" type="java.lang.Long">
            <column name="comfort_level" not-null="false" unique="false" sql-type="INTEGER"/>
        </property>
        <property name="thresholdLevel" type="java.lang.Long">
            <column name="threshold_level" not-null="false" unique="false" sql-type="INTEGER"/>
        </property>
        <property name="startTime" type="java.lang.Long">
            <column name="start_time" not-null="false" unique="false" sql-type="BIGINT"/>
        </property>
        <property name="dbStartTime" type="java.sql.Timestamp">
            <column name="db_start_time" not-null="false" unique="false" sql-type="DATETIME"/>
        </property>
        <property name="endTime" type="java.lang.Long">
            <column name="end_time" not-null="false" unique="false" sql-type="BIGINT"/>
        </property>
        <property name="dbEndTime" type="java.sql.Timestamp">
            <column name="db_end_time" not-null="false" unique="false" sql-type="DATETIME"/>
        </property>
        <many-to-one name="alert" class="com.oatsystems.udm.appAlert.AlertImpl" foreign-key="stockOutAlert_fk1" lazy="proxy" fetch="select">
            <column name="alert_id" not-null="true" sql-type="INTEGER" unique="true"/>
        </many-to-one>
    </class>
</hibernate-mapping>