<?xml version="1.0" encoding="UTF-8"?>
<!--
     Attention: Generated code! Do not modify by hand!
     Generated by: hibernate.hbm.xml.vsl in andromda-hibernate-cartridge.
  -->
<!DOCTYPE hibernate-mapping PUBLIC "-//Hibernate/Hibernate Mapping DTD 3.0//EN"
          "http://hibernate.sourceforge.net/hibernate-mapping-3.0.dtd">

<hibernate-mapping default-cascade="none">
    <class name="com.oatsystems.udm.appAlert.TheftThresholdImpl" table="theft_threshold" dynamic-insert="false" dynamic-update="false">
        <id name="theftThresholdId" type="java.lang.Long" unsaved-value="null">
            <column name="theft_threshold_id" sql-type="INTEGER"/>
            <generator class="native">
            </generator>
        </id>
        <property name="name" type="java.lang.String">
            <column name="name" not-null="false" unique="false" sql-type="NVARCHAR(100) COLLATE SQL_Latin1_General_CP1_CS_AS"/>
        </property>
        <property name="locationEpc" type="java.lang.String">
            <column name="location_epc" not-null="false" unique="false" sql-type="NVARCHAR(100) COLLATE SQL_Latin1_General_CP1_CS_AS"/>
        </property>
        <property name="severity" type="java.lang.Long">
            <column name="severity" not-null="false" unique="false" sql-type="INTEGER"/>
        </property>
        <property name="pqType" type="java.lang.Long">
            <column name="pq_type" not-null="false" unique="false" sql-type="INTEGER"/>
        </property>
        <property name="theftThreshold" type="java.lang.Long">
            <column name="theft_threshold" not-null="false" unique="false" sql-type="INTEGER"/>
        </property>
        <property name="theftTimeThreshold" type="java.lang.Long">
            <column name="theft_time_threshold" not-null="false" unique="false" sql-type="INTEGER"/>
        </property>
        <property name="historyTime" type="java.lang.Long">
            <column name="history_time" not-null="false" unique="false" sql-type="BIGINT"/>
        </property>
        <property name="eventWaitTime" type="java.lang.Long">
            <column name="event_wait_time" not-null="false" unique="false" sql-type="BIGINT"/>
        </property>
        <property name="imgLoggerName" type="java.lang.String">
            <column name="img_logger_name" not-null="false" unique="false" sql-type="NVARCHAR(100) COLLATE SQL_Latin1_General_CP1_CS_AS"/>
        </property>
        <property name="queue" type="java.lang.String">
            <column name="queue" not-null="false" unique="false" sql-type="NVARCHAR(100) COLLATE SQL_Latin1_General_CP1_CS_AS"/>
        </property>
        <property name="imageTimeL" type="java.lang.Long">
            <column name="image_time_l" not-null="false" unique="false" sql-type="BIGINT"/>
        </property>
        <property name="imageTimeR" type="java.lang.Long">
            <column name="image_time_r" not-null="false" unique="false" sql-type="BIGINT"/>
        </property>
        <property name="sweep" type="true_false">
            <column name="sweep" not-null="false" unique="false" sql-type="CHAR(1)" default="'F'"/>
        </property>
    </class>
</hibernate-mapping>