<?xml version="1.0" encoding="UTF-8"?>
<!--
     Attention: Generated code! Do not modify by hand!
     Generated by: hibernate.hbm.xml.vsl in andromda-hibernate-cartridge.
  -->
<!DOCTYPE hibernate-mapping PUBLIC "-//Hibernate/Hibernate Mapping DTD 3.0//EN"
          "http://hibernate.sourceforge.net/hibernate-mapping-3.0.dtd">

<hibernate-mapping default-cascade="none">
    <class name="com.oatsystems.udm.appAlert.UserEventsImpl" table="user_events" dynamic-insert="false" dynamic-update="false">
        <id name="userEventId" type="java.lang.Long" unsaved-value="null">
            <column name="user_event_id" sql-type="INTEGER"/>
            <generator class="native">
            </generator>
        </id>
        <many-to-one name="event" class="com.oatsystems.udm.appAlert.EventImpl" foreign-key="userEvents_fk2" lazy="proxy" fetch="select">
            <column name="event_id" not-null="true" sql-type="INTEGER"/>
        </many-to-one>
        <many-to-one name="user" class="com.oatsystems.udm.raf.UserImpl" foreign-key="userEvents_fk1" lazy="proxy" fetch="select">
            <column name="user_id" not-null="true" sql-type="INTEGER"/>
        </many-to-one>
    </class>
</hibernate-mapping>