<?xml version="1.0" encoding="UTF-8"?>
<!--
     Attention: Generated code! Do not modify by hand!
     Generated by: hibernate.hbm.xml.vsl in andromda-hibernate-cartridge.
  -->
<!DOCTYPE hibernate-mapping PUBLIC "-//Hibernate/Hibernate Mapping DTD 3.0//EN"
          "http://hibernate.sourceforge.net/hibernate-mapping-3.0.dtd">

<hibernate-mapping default-cascade="none">
    <class name="com.oatsystems.udm.appAlert.UserAlertsImpl" table="user_alerts" dynamic-insert="false" dynamic-update="false">
        <id name="userAlertId" type="java.lang.Long" unsaved-value="null">
            <column name="user_alert_id" sql-type="INTEGER"/>
            <generator class="native">
            </generator>
        </id>
        <many-to-one name="user" class="com.oatsystems.udm.raf.UserImpl" foreign-key="userAlerts_fk1" lazy="proxy" fetch="select">
            <column name="user_id" not-null="true" sql-type="INTEGER"/>
        </many-to-one>
        <many-to-one name="alert" class="com.oatsystems.udm.appAlert.AlertImpl" foreign-key="userAlerts_fk2" lazy="proxy" fetch="select">
            <column name="alert_id" not-null="true" sql-type="INTEGER"/>
        </many-to-one>
    </class>
</hibernate-mapping>