<!--
    Licensed to the Apache Software Foundation (ASF) under one or more
    contributor license agreements.  See the NOTICE file distributed with
    this work for additional information regarding copyright ownership.
    The ASF licenses this file to You under the Apache License, Version 2.0
    (the "License"); you may not use this file except in compliance with
    the License.  You may obtain a copy of the License at

    http://www.apache.org/licenses/LICENSE-2.0

    Unless required by applicable law or agreed to in writing, software
    distributed under the License is distributed on an "AS IS" BASIS,
    WITHOUT WARRANTIES OR CONDITIONS OF ANY KIND, either express or implied.
    See the License for the specific language governing permissions and
    limitations under the License.
-->

<beans
  xmlns="http://www.springframework.org/schema/beans"
  xmlns:xsi="http://www.w3.org/2001/XMLSchema-instance"
  xsi:schemaLocation="http://www.springframework.org/schema/beans http://www.springframework.org/schema/beans/spring-beans.xsd
  http://activemq.apache.org/schema/core http://activemq.apache.org/schema/core/activemq-core.xsd">

    <!-- Allows us to use system properties as variables in this configuration file -->
    <bean class="org.springframework.beans.factory.config.PropertyPlaceholderConfigurer">
    </bean>

    <!--
        The <broker> element is used to configure the ActiveMQ broker.
    -->
    <broker xmlns="http://activemq.apache.org/schema/core" brokerName="oatedge1">

        <!--
            The managementContext is used to configure how ActiveMQ is exposed in
            JMX. By default, ActiveMQ uses the MBean server that is started by
            the JVM. For more information, see:

            http://activemq.apache.org/jmx.html
        -->
        <managementContext>
            <managementContext createConnector="false"/>
        </managementContext>

        <!--
            Configure message persistence for the broker. The default persistence
            mechanism is the KahaDB store (identified by the kahaDB tag).
            For more information, see:

            http://activemq.apache.org/persistence.html
        -->
        <persistenceAdapter>
            <kahaDB directory="/usr/local/ofs/activemq-data"/>
        </persistenceAdapter>


        <!--
            The systemUsage controls the maximum amount of space the broker will
            use before disabling caching and/or slowing down producers. For more information, see:
            http://activemq.apache.org/producer-flow-control.html
        -->
        <systemUsage>
            <systemUsage>
                <memoryUsage>
                    <memoryUsage percentOfJvmHeap="25" />
                </memoryUsage>
                <storeUsage>
                    <storeUsage limit="100 gb"/>
                </storeUsage>
                <tempUsage>
                    <tempUsage limit="50 gb"/>
                </tempUsage>
            </systemUsage>
        </systemUsage>

        <!--
            The transport connectors expose ActiveMQ over a given protocol to
            clients and other brokers. For more information, see:

            http://activemq.apache.org/configuring-transports.html
        -->
        <transportConnectors>
            <transportConnector name="openwire" uri="tcp://0.0.0.0:61616?wireFormat.maxInactivityDuration=0"/>
        </transportConnectors>

        <plugins>
            <!-- use JAAS to authenticate connection. Use ldap_msad.conf file to configure JAAS module -->
            <jaasAuthenticationPlugin configuration="activemq" />

            <!-- Uncomment to log more activemq events, default only connection events are logged 
            <loggingBrokerPlugin logAll="true" logInternalEvents="false"/> 
            -->
        </plugins>

    </broker>

</beans>
