<?xml version="1.0" encoding="UTF-8"?>
<!--
     Attention: Generated code! Do not modify by hand!
     Generated by: hibernate.hbm.xml.vsl in andromda-hibernate-cartridge.
  -->
<!DOCTYPE hibernate-mapping PUBLIC "-//Hibernate/Hibernate Mapping DTD 3.0//EN"
          "http://hibernate.sourceforge.net/hibernate-mapping-3.0.dtd">

<hibernate-mapping default-cascade="none">
    <class name="com.oatsystems.udm.adapter.AdapterImpl" table="adapter" dynamic-insert="false" dynamic-update="false">
        <id name="adapterId" type="java.lang.Long" unsaved-value="null">
            <column name="adapter_id" sql-type="INTEGER"/>
            <generator class="native">
            </generator>
        </id>
        <property name="name" type="java.lang.String">
            <column name="name" not-null="false" unique="true" sql-type="NVARCHAR(100) COLLATE SQL_Latin1_General_CP1_CS_AS"/>
        </property>
        <property name="description" type="java.lang.String">
            <column name="description" not-null="false" unique="false" sql-type="NVARCHAR(200) COLLATE SQL_Latin1_General_CP1_CS_AS"/>
        </property>
        <property name="connectorType" type="java.lang.String">
            <column name="connector_type" not-null="false" unique="false" sql-type="NVARCHAR(50) COLLATE SQL_Latin1_General_CP1_CS_AS"/>
        </property>
        <many-to-one name="connector" class="com.oatsystems.udm.adapter.ConnectorImpl" foreign-key="adapter_fk1" lazy="proxy" fetch="select">
            <column name="connector_name" not-null="false" sql-type="NVARCHAR(100) COLLATE SQL_Latin1_General_CP1_CS_AS"/>
        </many-to-one>
        <many-to-one name="transform" class="com.oatsystems.udm.adapter.TransformImpl" foreign-key="adapter_fk2" lazy="proxy" fetch="select">
            <column name="transform_name" not-null="false" sql-type="NVARCHAR(100) COLLATE SQL_Latin1_General_CP1_CS_AS"/>
        </many-to-one>
        <many-to-one name="transformer" class="com.oatsystems.udm.adapter.TransformerImpl" foreign-key="adapter_fk3" lazy="proxy" fetch="select">
            <column name="transformer_name" not-null="false" sql-type="NVARCHAR(100) COLLATE SQL_Latin1_General_CP1_CS_AS"/>
        </many-to-one>
    </class>
</hibernate-mapping>