<?xml version="1.0" encoding="UTF-8"?>
<!--
     Attention: Generated code! Do not modify by hand!
     Generated by: hibernate.hbm.xml.vsl in andromda-hibernate-cartridge.
  -->
<!DOCTYPE hibernate-mapping PUBLIC "-//Hibernate/Hibernate Mapping DTD 3.0//EN"
          "http://hibernate.sourceforge.net/hibernate-mapping-3.0.dtd">

<hibernate-mapping default-cascade="none">
    <class name="com.oatsystems.udm.dms.DMSAdapterImpl" table="DMS_ADAPTER" dynamic-insert="false" dynamic-update="false">
        <id name="dmsAdapterID" type="java.lang.Long" unsaved-value="null">
            <column name="DMS_ADAPTER_ID" sql-type="INTEGER"/>
            <generator class="native">
            </generator>
        </id>
        <property name="deleted" type="true_false">
            <column name="DELETED" not-null="false" unique="false" sql-type="CHAR(1)" default="'F'"/>
        </property>
        <property name="lastUpdateState" type="java.lang.Long">
            <column name="LAST_UPDATE_STATE" not-null="false" unique="false" sql-type="INTEGER"/>
        </property>
        <property name="state" type="java.lang.Long">
            <column name="STATE" not-null="false" unique="false" sql-type="INTEGER"/>
        </property>
        <property name="guid" type="java.lang.String">
            <column name="GUID" not-null="false" unique="false" sql-type="NVARCHAR(255) COLLATE SQL_Latin1_General_CP1_CS_AS"/>
        </property>
        <property name="name" type="java.lang.String">
            <column name="NAME" not-null="false" unique="false" sql-type="NVARCHAR(200) COLLATE SQL_Latin1_General_CP1_CS_AS"/>
        </property>
        <property name="type" type="java.lang.String">
            <column name="TYPE" not-null="false" unique="false" sql-type="NVARCHAR(200) COLLATE SQL_Latin1_General_CP1_CS_AS"/>
        </property>
        <property name="emsQueueToLog" type="java.lang.String">
            <column name="EMS_QUEUE_TO_LOG" not-null="false" unique="false" sql-type="NVARCHAR(200) COLLATE SQL_Latin1_General_CP1_CS_AS"/>
        </property>
        <many-to-one name="propertyGroup" class="com.oatsystems.udm.dms.DMSPropertyGroupImpl" foreign-key="dmsAdapter_fk3" lazy="proxy" fetch="select">
            <column name="PROPERTY_GROUP_ID" not-null="false" sql-type="INTEGER"/>
        </many-to-one>
        <many-to-one name="tagCacheAdapter" class="com.oatsystems.udm.dms.DMSAdapterImpl" foreign-key="dmsAdapter_fk2" lazy="proxy" fetch="select">
            <column name="TAG_CACHE_ADAPTER_ID" not-null="false" sql-type="INTEGER"/>
        </many-to-one>
        <many-to-one name="readAlgorithmAdapter" class="com.oatsystems.udm.dms.DMSAdapterImpl" foreign-key="dmsAdapter_fk5" lazy="proxy" fetch="select">
            <column name="READ_ALGORITHM_ADAPTER_ID" not-null="false" sql-type="INTEGER"/>
        </many-to-one>
        <many-to-one name="sensewareInstall" class="com.oatsystems.udm.sw.SensewareInstallImpl" foreign-key="dmsAdapter_fk4" lazy="proxy" fetch="select">
            <column name="SENSEWARE_INSTALL_ID" not-null="false" sql-type="INTEGER"/>
        </many-to-one>
        <many-to-one name="DMSTask" class="com.oatsystems.udm.dms.DMSTaskImpl" foreign-key="dmsAdapter_fk6" lazy="proxy" fetch="select">
            <column name="DMS_TASK_ID" not-null="false" sql-type="INTEGER"/>
        </many-to-one>
        <many-to-one name="writeAlgorithmAdapter" class="com.oatsystems.udm.dms.DMSAdapterImpl" foreign-key="dmsAdapter_fk1" lazy="proxy" fetch="select">
            <column name="WRITE_ALGORITHM_ADAPTER_ID" not-null="false" sql-type="INTEGER"/>
        </many-to-one>
    </class>
</hibernate-mapping>