<?xml version="1.0" encoding="UTF-8"?>
<!--
     Attention: Generated code! Do not modify by hand!
     Generated by: hibernate.hbm.xml.vsl in andromda-hibernate-cartridge.
  -->
<!DOCTYPE hibernate-mapping PUBLIC "-//Hibernate/Hibernate Mapping DTD 3.0//EN"
          "http://hibernate.sourceforge.net/hibernate-mapping-3.0.dtd">

<hibernate-mapping default-cascade="none">
    <class name="com.oatsystems.udm.dms.DMSDeviceImpl" table="DMS_DEVICE" dynamic-insert="false" dynamic-update="false">
        <id name="dmsDeviceID" type="java.lang.Long" unsaved-value="null">
            <column name="DMS_DEVICE_ID" sql-type="INTEGER"/>
            <generator class="native">
            </generator>
        </id>
        <property name="deleted" type="true_false">
            <column name="DELETED" not-null="false" unique="false" sql-type="CHAR(1)" default="'F'"/>
        </property>
        <property name="lastUpdateState" type="java.lang.Long">
            <column name="LAST_UPDATE_STATE" not-null="false" unique="false" sql-type="INTEGER"/>
        </property>
        <property name="state" type="java.lang.Long">
            <column name="STATE" not-null="false" unique="false" sql-type="INTEGER"/>
        </property>
        <property name="guid" type="java.lang.String">
            <column name="GUID" not-null="false" unique="false" sql-type="NVARCHAR(255) COLLATE SQL_Latin1_General_CP1_CS_AS"/>
        </property>
        <property name="name" type="java.lang.String">
            <column name="NAME" not-null="false" unique="false" sql-type="NVARCHAR(200) COLLATE SQL_Latin1_General_CP1_CS_AS"/>
        </property>
        <property name="category" type="java.lang.String">
            <column name="CATEGORY" not-null="false" unique="false" sql-type="NVARCHAR(200) COLLATE SQL_Latin1_General_CP1_CS_AS"/>
        </property>
        <property name="type" type="java.lang.String">
            <column name="TYPE" not-null="false" unique="false" sql-type="NVARCHAR(200) COLLATE SQL_Latin1_General_CP1_CS_AS"/>
        </property>
        <property name="epc" type="java.lang.String">
            <column name="EPC" not-null="false" unique="false" sql-type="NVARCHAR(100) COLLATE SQL_Latin1_General_CP1_CS_AS"/>
        </property>
        <many-to-one name="location" class="com.oatsystems.udm.physical.LocationImpl" foreign-key="dmsDevice_fk5" lazy="proxy" fetch="select">
            <column name="location_id" not-null="false" sql-type="INTEGER"/>
        </many-to-one>
        <many-to-one name="DMSNotificationChannel" class="com.oatsystems.udm.dms.DMSDataChannelImpl" foreign-key="dmsDevice_fk4" lazy="proxy" fetch="select">
            <column name="DMS_NOTIFICATION_CHANNEL_ID" not-null="false" sql-type="INTEGER"/>
        </many-to-one>
        <set name="dfbkConfigs" order-by="dms_device_id" lazy="true" fetch="select" inverse="true">
            <key foreign-key="dfbkConfig_fk2">
                <column name="dms_device_id" sql-type="INTEGER"/>
            </key>
            <one-to-many class="com.oatsystems.udm.physicalDigio.DfbkConfigImpl"/>
        </set>
        <set name="diginpConfigs" order-by="dms_device_id" lazy="true" fetch="select" inverse="true">
            <key foreign-key="diginpConfig_fk2">
                <column name="dms_device_id" sql-type="INTEGER"/>
            </key>
            <one-to-many class="com.oatsystems.udm.physicalDigio.DiginpConfigImpl"/>
        </set>
        <set name="deviceStatusses" order-by="dms_device_id" lazy="true" fetch="select" inverse="true">
            <key foreign-key="devStat_fk2">
                <column name="dms_device_id" sql-type="INTEGER"/>
            </key>
            <one-to-many class="com.oatsystems.udm.monitoring.DeviceStatusImpl"/>
        </set>
        <many-to-one name="DMSDataChannel" class="com.oatsystems.udm.dms.DMSDataChannelImpl" foreign-key="dmsDevice_fk2" lazy="proxy" fetch="select">
            <column name="DMS_DATA_CHANNEL_ID" not-null="false" sql-type="INTEGER"/>
        </many-to-one>
        <many-to-one name="sensewareInstall" class="com.oatsystems.udm.sw.SensewareInstallImpl" foreign-key="dmsDevice_fk3" lazy="proxy" fetch="select">
            <column name="SENSEWARE_INSTALL_ID" not-null="false" sql-type="INTEGER"/>
        </many-to-one>
        <many-to-one name="propertyGroup" class="com.oatsystems.udm.dms.DMSPropertyGroupImpl" foreign-key="dmsDevice_fk1" lazy="proxy" fetch="select">
            <column name="PROPERTY_GROUP_ID" not-null="false" sql-type="INTEGER"/>
        </many-to-one>
    </class>
</hibernate-mapping>