<?xml version="1.0" encoding="UTF-8"?>
<!--
     Attention: Generated code! Do not modify by hand!
     Generated by: hibernate.hbm.xml.vsl in andromda-hibernate-cartridge.
  -->
<!DOCTYPE hibernate-mapping PUBLIC "-//Hibernate/Hibernate Mapping DTD 3.0//EN"
          "http://hibernate.sourceforge.net/hibernate-mapping-3.0.dtd">

<hibernate-mapping default-cascade="none">
    <class name="com.oatsystems.udm.dms.DMSPropertyImpl" table="DMS_PROPERTY" dynamic-insert="false" dynamic-update="false">
        <id name="propertyID" type="java.lang.Long" unsaved-value="null">
            <column name="PROPERTY_ID" sql-type="INTEGER"/>
            <generator class="native">
            </generator>
        </id>
        <property name="propertyKey" type="java.lang.String">
            <column name="PROPERTY_KEY" not-null="false" unique="false" sql-type="NVARCHAR(200) COLLATE SQL_Latin1_General_CP1_CS_AS"/>
        </property>
        <property name="propertyValue" type="java.lang.String">
            <column name="PROPERTY_VALUE" not-null="false" unique="false" sql-type="NVARCHAR(2000) COLLATE SQL_Latin1_General_CP1_CS_AS"/>
        </property>
        <property name="insertDate" type="java.sql.Timestamp">
            <column name="insert_date" not-null="false" unique="false" sql-type="DATETIME"/>
        </property>
        <property name="updateDate" type="java.sql.Timestamp">
            <column name="update_date" not-null="false" unique="false" sql-type="DATETIME"/>
        </property>
        <property name="LKHashCode" type="java.lang.Long">
            <column name="lk_hashcode" not-null="false" unique="false" sql-type="INTEGER"/>
        </property>
        <property name="deleted" type="true_false">
            <column name="DELETED" not-null="false" unique="false" sql-type="CHAR(1)" default="'F'"/>
        </property>
        <property name="lastUpdateState" type="java.lang.Long">
            <column name="LAST_UPDATE_STATE" not-null="false" unique="false" sql-type="INTEGER"/>
        </property>
        <property name="state" type="java.lang.Long">
            <column name="STATE" not-null="false" unique="false" sql-type="INTEGER"/>
        </property>
        <property name="guid" type="java.lang.String">
            <column name="GUID" not-null="false" unique="false" sql-type="NVARCHAR(255) COLLATE SQL_Latin1_General_CP1_CS_AS"/>
        </property>
        <many-to-one name="customPropertyMd" class="com.oatsystems.udm.common.CustomPropertyMdImpl" foreign-key="DMS_PROP_FK1" lazy="proxy" fetch="select">
            <column name="CUSTOM_PROPERTY_MD_ID" not-null="true" sql-type="INTEGER"/>
        </many-to-one>
        <many-to-one name="DMSPropertyGroup" class="com.oatsystems.udm.dms.DMSPropertyGroupImpl" foreign-key="DMS_PROP_FK2" lazy="proxy" fetch="select">
            <column name="PROPERTY_GROUP_ID" not-null="false" sql-type="INTEGER"/>
        </many-to-one>
    </class>
</hibernate-mapping>