<?xml version="1.0" encoding="UTF-8"?>
<!--
     Attention: Generated code! Do not modify by hand!
     Generated by: hibernate.hbm.xml.vsl in andromda-hibernate-cartridge.
  -->
<!DOCTYPE hibernate-mapping PUBLIC "-//Hibernate/Hibernate Mapping DTD 3.0//EN"
          "http://hibernate.sourceforge.net/hibernate-mapping-3.0.dtd">

<hibernate-mapping default-cascade="none">
    <class name="com.oatsystems.udm.dms.MSActionImpl" table="MS_ACTION" dynamic-insert="false" dynamic-update="false">
        <id name="msActionID" type="java.lang.Long" unsaved-value="null">
            <column name="MS_ACTION_ID" sql-type="INTEGER"/>
            <generator class="native">
            </generator>
        </id>
        <property name="deleted" type="true_false">
            <column name="DELETED" not-null="false" unique="false" sql-type="CHAR(1)" default="'F'"/>
        </property>
        <property name="lastUpdateState" type="java.lang.Long">
            <column name="LAST_UPDATE_STATE" not-null="false" unique="false" sql-type="INTEGER"/>
        </property>
        <property name="state" type="java.lang.Long">
            <column name="STATE" not-null="false" unique="false" sql-type="INTEGER"/>
        </property>
        <property name="guid" type="java.lang.String">
            <column name="GUID" not-null="false" unique="false" sql-type="NVARCHAR(255) COLLATE SQL_Latin1_General_CP1_CS_AS"/>
        </property>
        <property name="name" type="java.lang.String">
            <column name="NAME" not-null="false" unique="false" sql-type="NVARCHAR(200) COLLATE SQL_Latin1_General_CP1_CS_AS"/>
        </property>
        <property name="polarity" type="java.lang.String">
            <column name="POLARITY" not-null="false" unique="false" sql-type="NVARCHAR(10) COLLATE SQL_Latin1_General_CP1_CS_AS"/>
        </property>
        <property name="onInitialDelay" type="java.lang.Long">
            <column name="ON_INITIAL_DELAY" not-null="false" unique="false" sql-type="INTEGER"/>
        </property>
        <property name="offInitialDelay" type="java.lang.Long">
            <column name="OFF_INITIAL_DELAY" not-null="false" unique="false" sql-type="INTEGER"/>
        </property>
        <property name="onActionType" type="java.lang.String">
            <column name="ON_ACTION_TYPE" not-null="false" unique="false" sql-type="NVARCHAR(10) COLLATE SQL_Latin1_General_CP1_CS_AS"/>
        </property>
        <property name="offActionType" type="java.lang.String">
            <column name="OFF_ACTION_TYPE" not-null="false" unique="false" sql-type="NVARCHAR(10) COLLATE SQL_Latin1_General_CP1_CS_AS"/>
        </property>
        <property name="onActionTime" type="java.lang.Long">
            <column name="ON_ACTION_TIME" not-null="false" unique="false" sql-type="INTEGER"/>
        </property>
        <property name="sensewareInstallId" type="java.lang.Long">
            <column name="SENSEWARE_INSTALL_ID" not-null="false" unique="false" sql-type="INTEGER"/>
        </property>
        <many-to-one name="propertyGroup" class="com.oatsystems.udm.dms.DMSPropertyGroupImpl" foreign-key="msAction_fk2" lazy="proxy" fetch="select">
            <column name="PROPERTY_GROUP_ID" not-null="false" sql-type="INTEGER"/>
        </many-to-one>
        <many-to-one name="inputSource" class="com.oatsystems.udm.dms.DMSAdapterInputImpl" foreign-key="msAction_fk1" lazy="proxy" fetch="select">
            <column name="INPUT_SOURCE_ID" not-null="false" sql-type="INTEGER"/>
        </many-to-one>
    </class>
</hibernate-mapping>