<?xml version="1.0" encoding="UTF-8"?>
<!--
     Attention: Generated code! Do not modify by hand!
     Generated by: hibernate.hbm.xml.vsl in andromda-hibernate-cartridge.
  -->
<!DOCTYPE hibernate-mapping PUBLIC "-//Hibernate/Hibernate Mapping DTD 3.0//EN"
          "http://hibernate.sourceforge.net/hibernate-mapping-3.0.dtd">

<hibernate-mapping default-cascade="none">
    <class name="com.oatsystems.udm.common.CustomPropertyMdImpl" table="CUSTOM_PROPERTY_MD" dynamic-insert="false" dynamic-update="false">
        <id name="customPropertyMdID" type="java.lang.Long" unsaved-value="null">
            <column name="CUSTOM_PROPERTY_MD_ID" sql-type="INTEGER"/>
            <generator class="native">
            </generator>
        </id>
        <property name="insertDate" type="java.sql.Timestamp">
            <column name="insert_date" not-null="false" unique="false" sql-type="DATETIME"/>
        </property>
        <property name="updateDate" type="java.sql.Timestamp">
            <column name="update_date" not-null="false" unique="false" sql-type="DATETIME"/>
        </property>
        <property name="LKHashCode" type="java.lang.Long">
            <column name="lk_hashcode" not-null="false" unique="false" sql-type="INTEGER"/>
        </property>
        <property name="deleted" type="true_false">
            <column name="DELETED" not-null="false" unique="false" sql-type="CHAR(1)" default="'F'"/>
        </property>
        <property name="lastUpdateState" type="java.lang.Long">
            <column name="LAST_UPDATE_STATE" not-null="false" unique="false" sql-type="INTEGER"/>
        </property>
        <property name="state" type="java.lang.Long">
            <column name="STATE" not-null="false" unique="false" sql-type="INTEGER"/>
        </property>
        <property name="guid" type="java.lang.String">
            <column name="GUID" not-null="false" unique="false" sql-type="NVARCHAR(255) COLLATE SQL_Latin1_General_CP1_CS_AS"/>
        </property>
        <property name="columnName" type="java.lang.String">
            <column name="COLUMN_NAME" not-null="false" unique="false" sql-type="NVARCHAR(500) COLLATE SQL_Latin1_General_CP1_CS_AS"/>
        </property>
        <property name="propertyKey" type="java.lang.String">
            <column name="PROPERTY_KEY" not-null="true" unique="false" sql-type="NVARCHAR(500) COLLATE SQL_Latin1_General_CP1_CS_AS"/>
        </property>
        <property name="label" type="java.lang.String">
            <column name="LABEL" not-null="false" unique="false" sql-type="NVARCHAR(500) COLLATE SQL_Latin1_General_CP1_CS_AS"/>
        </property>
        <property name="description" type="java.lang.String">
            <column name="DESCRIPTION" not-null="false" unique="false" sql-type="NVARCHAR(400) COLLATE SQL_Latin1_General_CP1_CS_AS"/>
        </property>
        <property name="descriptionIdtag" type="java.lang.String">
            <column name="description_idtag" not-null="false" unique="false" sql-type="NVARCHAR(50) COLLATE SQL_Latin1_General_CP1_CS_AS"/>
        </property>
        <property name="mandatory" type="true_false">
            <column name="IS_MANDATORY" not-null="false" unique="false" sql-type="CHAR(1)" default="'F'"/>
        </property>
        <property name="visible" type="true_false">
            <column name="IS_VISIBLE" not-null="false" unique="false" sql-type="CHAR(1)" default="'T'"/>
        </property>
        <property name="bound" type="true_false">
            <column name="IS_BOUND" not-null="false" unique="false" sql-type="CHAR(1)" default="'T'"/>
        </property>
        <property name="typeDefinition" type="java.lang.String">
            <column name="TYPE_DEFINITION" not-null="false" unique="false" sql-type="NVARCHAR(1000) COLLATE SQL_Latin1_General_CP1_CS_AS"/>
        </property>
        <property name="displayType" type="java.lang.String">
            <column name="DISPLAY_TYPE" not-null="false" unique="false" sql-type="NVARCHAR(1000) COLLATE SQL_Latin1_General_CP1_CS_AS"/>
        </property>
        <property name="labelIdTag" type="java.lang.String">
            <column name="label_idtag" not-null="false" unique="false" sql-type="NVARCHAR(50) COLLATE SQL_Latin1_General_CP1_CS_AS"/>
        </property>
        <property name="isCycleControl" type="true_false">
            <column name="IS_CYCLE_CONTROL" not-null="false" unique="false" sql-type="CHAR(1)" default="'F'"/>
        </property>
        <property name="isAnalytic" type="true_false">
            <column name="IS_ANALYTIC" not-null="false" unique="false" sql-type="CHAR(1)" default="'T'"/>
        </property>
        <set name="monitoringProperties" order-by="custom_property_md_id" lazy="true" fetch="select" inverse="true">
            <key foreign-key="monitoringProp_fk1">
                <column name="custom_property_md_id" sql-type="INTEGER"/>
            </key>
            <one-to-many class="com.oatsystems.udm.monitoring.MonitoringPropertyImpl"/>
        </set>
        <set name="customPropertyLookups" order-by="CUSTOM_PROPERTY_MD_ID" lazy="true" fetch="select" inverse="true">
            <key foreign-key="custPropLu_fk1">
                <column name="CUSTOM_PROPERTY_MD_ID" sql-type="INTEGER"/>
            </key>
            <one-to-many class="com.oatsystems.udm.common.CustomPropertyLookupImpl"/>
        </set>
        <many-to-one name="customPropertyGroupMd" class="com.oatsystems.udm.common.CustomPropertyGroupMdImpl" foreign-key="custPropMd_fk1" lazy="proxy" fetch="select">
            <column name="CUSTOM_PROPERTY_GROUP_MD_ID" not-null="true" sql-type="INTEGER"/>
        </many-to-one>
    </class>
</hibernate-mapping>