<?xml version="1.0" encoding="UTF-8"?>
<!--
     Attention: Generated code! Do not modify by hand!
     Generated by: hibernate.hbm.xml.vsl in andromda-hibernate-cartridge.
  -->
<!DOCTYPE hibernate-mapping PUBLIC "-//Hibernate/Hibernate Mapping DTD 3.0//EN"
          "http://hibernate.sourceforge.net/hibernate-mapping-3.0.dtd">

<hibernate-mapping default-cascade="none">
    <class name="com.oatsystems.udm.common.CustomPropertyGroupMdImpl" table="CUSTOM_PROPERTY_GROUP_MD" dynamic-insert="false" dynamic-update="false">
        <id name="customPropertyGroupMdID" type="java.lang.Long" unsaved-value="null">
            <column name="CUSTOM_PROPERTY_GROUP_MD_ID" sql-type="INTEGER"/>
            <generator class="native">
            </generator>
        </id>
        <property name="insertDate" type="java.sql.Timestamp">
            <column name="insert_date" not-null="false" unique="false" sql-type="DATETIME"/>
        </property>
        <property name="updateDate" type="java.sql.Timestamp">
            <column name="update_date" not-null="false" unique="false" sql-type="DATETIME"/>
        </property>
        <property name="LKHashCode" type="java.lang.Long">
            <column name="lk_hashcode" not-null="false" unique="false" sql-type="INTEGER"/>
        </property>
        <property name="deleted" type="true_false">
            <column name="DELETED" not-null="false" unique="false" sql-type="CHAR(1)" default="'F'"/>
        </property>
        <property name="lastUpdateState" type="java.lang.Long">
            <column name="LAST_UPDATE_STATE" not-null="false" unique="false" sql-type="INTEGER"/>
        </property>
        <property name="state" type="java.lang.Long">
            <column name="STATE" not-null="false" unique="false" sql-type="INTEGER"/>
        </property>
        <property name="guid" type="java.lang.String">
            <column name="GUID" not-null="false" unique="false" sql-type="NVARCHAR(255) COLLATE SQL_Latin1_General_CP1_CS_AS"/>
        </property>
        <property name="label" type="java.lang.String">
            <column name="LABEL" not-null="false" unique="false" sql-type="NVARCHAR(500) COLLATE SQL_Latin1_General_CP1_CS_AS"/>
        </property>
        <property name="labelIdTag" type="java.lang.String">
            <column name="label_idtag" not-null="false" unique="false" sql-type="NVARCHAR(50) COLLATE SQL_Latin1_General_CP1_CS_AS"/>
        </property>
        <property name="description" type="java.lang.String">
            <column name="DESCRIPTION" not-null="false" unique="false" sql-type="NVARCHAR(500) COLLATE SQL_Latin1_General_CP1_CS_AS"/>
        </property>
        <property name="abstractGroup" type="true_false">
            <column name="IS_ABSTRACT" not-null="false" unique="false" sql-type="CHAR(1)" default="'F'"/>
        </property>
        <property name="childLocatorKey" type="java.lang.String">
            <column name="CHILD_LOCATOR_KEY" not-null="false" unique="false" sql-type="NVARCHAR(100) COLLATE SQL_Latin1_General_CP1_CS_AS"/>
        </property>
        <property name="locatorValue" type="java.lang.String">
            <column name="LOCATOR_VALUE" not-null="false" unique="false" sql-type="NVARCHAR(2000) COLLATE SQL_Latin1_General_CP1_CS_AS"/>
        </property>
        <property name="descriptionIdTag" type="java.lang.String">
            <column name="DESCRIPTION_IDTAG" not-null="false" unique="false" sql-type="NVARCHAR(50) COLLATE SQL_Latin1_General_CP1_CS_AS"/>
        </property>
        <set name="productAttrsses" order-by="CUSTOM_PROPERTY_GROUP_MD_ID" lazy="true" fetch="select" inverse="true">
            <key foreign-key="product_attrs_fk1">
                <column name="CUSTOM_PROPERTY_GROUP_MD_ID" sql-type="INTEGER"/>
            </key>
            <one-to-many class="com.oatsystems.udm.logicalProduct.ProductAttrsImpl"/>
        </set>
        <many-to-one name="entityType" class="com.oatsystems.udm.common.EntityTypeImpl" foreign-key="custPropGrpMd_fk1" lazy="proxy" fetch="select">
            <column name="ENTITY_TYPE_ID" not-null="false" sql-type="INTEGER"/>
        </many-to-one>
        <many-to-one name="inheritedGroupMd" class="com.oatsystems.udm.common.CustomPropertyGroupMdImpl" foreign-key="custPropGrpMd_fk2" lazy="proxy" fetch="select">
            <column name="INHERITED_GROUP_MD_ID" not-null="false" sql-type="INTEGER"/>
        </many-to-one>
        <set name="customPropertyMds" order-by="CUSTOM_PROPERTY_GROUP_MD_ID" lazy="true" fetch="select" inverse="true">
            <key foreign-key="custPropMd_fk1">
                <column name="CUSTOM_PROPERTY_GROUP_MD_ID" sql-type="INTEGER"/>
            </key>
            <one-to-many class="com.oatsystems.udm.common.CustomPropertyMdImpl"/>
        </set>
    </class>
</hibernate-mapping>