<?xml version="1.0" encoding="UTF-8"?>
<!--
     Attention: Generated code! Do not modify by hand!
     Generated by: hibernate.hbm.xml.vsl in andromda-hibernate-cartridge.
  -->
<!DOCTYPE hibernate-mapping PUBLIC "-//Hibernate/Hibernate Mapping DTD 3.0//EN"
          "http://hibernate.sourceforge.net/hibernate-mapping-3.0.dtd">

<hibernate-mapping default-cascade="none">
    <class name="com.oatsystems.udm.common.EntityTypeImpl" table="ENTITY_TYPE" dynamic-insert="false" dynamic-update="false">
        <id name="entityTypeID" type="java.lang.Long" unsaved-value="null">
            <column name="ENTITY_TYPE_ID" sql-type="INTEGER"/>
            <generator class="native">
            </generator>
        </id>
        <property name="insertDate" type="java.sql.Timestamp">
            <column name="insert_date" not-null="false" unique="false" sql-type="DATETIME"/>
        </property>
        <property name="updateDate" type="java.sql.Timestamp">
            <column name="update_date" not-null="false" unique="false" sql-type="DATETIME"/>
        </property>
        <property name="LKHashCode" type="java.lang.Long">
            <column name="lk_hashcode" not-null="false" unique="false" sql-type="INTEGER"/>
        </property>
        <property name="deleted" type="true_false">
            <column name="DELETED" not-null="false" unique="false" sql-type="CHAR(1)" default="'F'"/>
        </property>
        <property name="lastUpdateState" type="java.lang.Long">
            <column name="LAST_UPDATE_STATE" not-null="false" unique="false" sql-type="INTEGER"/>
        </property>
        <property name="state" type="java.lang.Long">
            <column name="STATE" not-null="false" unique="false" sql-type="INTEGER"/>
        </property>
        <property name="guid" type="java.lang.String">
            <column name="GUID" not-null="false" unique="false" sql-type="NVARCHAR(255) COLLATE SQL_Latin1_General_CP1_CS_AS"/>
        </property>
        <property name="type" type="java.lang.String">
            <column name="TYPE" not-null="false" unique="true" sql-type="NVARCHAR(100) COLLATE SQL_Latin1_General_CP1_CS_AS"/>
        </property>
        <property name="description" type="java.lang.String">
            <column name="DESCRIPTION" not-null="false" unique="false" sql-type="NVARCHAR(500) COLLATE SQL_Latin1_General_CP1_CS_AS"/>
        </property>
        <property name="refTableName" type="java.lang.String">
            <column name="REF_TABLE_NAME" not-null="false" unique="false" sql-type="NVARCHAR(500) COLLATE SQL_Latin1_General_CP1_CS_AS"/>
        </property>
        <property name="propertyTable" type="java.lang.String">
            <column name="PROPERTY_TABLE" not-null="false" unique="false" sql-type="NVARCHAR(100) COLLATE SQL_Latin1_General_CP1_CS_AS"/>
        </property>
        <property name="isAnalytic" type="true_false">
            <column name="IS_ANALYTIC" not-null="false" unique="false" sql-type="CHAR(1)" default="'T'"/>
        </property>
        <property name="hasAttributes" type="true_false">
            <column name="has_attributes" not-null="false" unique="false" sql-type="CHAR(1)" default="'F'"/>
        </property>
        <many-to-one name="latestValidator" class="com.oatsystems.udm.common.CustomPropertyGroupMdImpl" foreign-key="entityType_fk1" lazy="proxy" fetch="select">
            <column name="CUSTOM_PROPERTY_GROUP_MD_ID" not-null="false" sql-type="INTEGER"/>
        </many-to-one>
    </class>
</hibernate-mapping>