<?xml version="1.0" encoding="UTF-8"?>
<!--
     Attention: Generated code! Do not modify by hand!
     Generated by: hibernate.hbm.xml.vsl in andromda-hibernate-cartridge.
  -->
<!DOCTYPE hibernate-mapping PUBLIC "-//Hibernate/Hibernate Mapping DTD 3.0//EN"
          "http://hibernate.sourceforge.net/hibernate-mapping-3.0.dtd">

<hibernate-mapping default-cascade="none">
    <class name="com.oatsystems.udm.common.IdtagsImpl" table="idtags" dynamic-insert="false" dynamic-update="false">
        <id name="idtag" type="java.lang.String" unsaved-value="null">
            <column name="idtag" sql-type="NVARCHAR(50) COLLATE SQL_Latin1_General_CP1_CS_AS"/>
            <generator class="assigned">
            </generator>
        </id>
        <set name="idtagValuesses" order-by="idtag" lazy="true" fetch="select" inverse="true">
            <key foreign-key="idtagVals_fk1">
                <column name="idtag" sql-type="NVARCHAR(50) COLLATE SQL_Latin1_General_CP1_CS_AS"/>
            </key>
            <one-to-many class="com.oatsystems.udm.rafConfig.IdtagValuesImpl"/>
        </set>
        <many-to-one name="idtags" class="com.oatsystems.udm.common.IdtagsImpl" foreign-key="idtags_fk1" lazy="proxy" fetch="select">
            <column name="idgroup" not-null="false" sql-type="NVARCHAR(50) COLLATE SQL_Latin1_General_CP1_CS_AS"/>
        </many-to-one>
        <set name="idtagsses" order-by="idgroup" lazy="true" fetch="select" inverse="true">
            <key foreign-key="idtags_fk1">
                <column name="idgroup" sql-type="NVARCHAR(50) COLLATE SQL_Latin1_General_CP1_CS_AS"/>
            </key>
            <one-to-many class="com.oatsystems.udm.common.IdtagsImpl"/>
        </set>
    </class>
</hibernate-mapping>