<?xml version="1.0" encoding="UTF-8"?>
<!--
     Attention: Generated code! Do not modify by hand!
     Generated by: hibernate.hbm.xml.vsl in andromda-hibernate-cartridge.
  -->
<!DOCTYPE hibernate-mapping PUBLIC "-//Hibernate/Hibernate Mapping DTD 3.0//EN"
          "http://hibernate.sourceforge.net/hibernate-mapping-3.0.dtd">

<hibernate-mapping default-cascade="none">
    <class name="com.oatsystems.udm.common.VersionInfoImpl" table="version_info" dynamic-insert="false" dynamic-update="false">
        <id name="versionInfoId" type="java.lang.Long" unsaved-value="null">
            <column name="version_info_id" sql-type="INTEGER"/>
            <generator class="native">
            </generator>
        </id>
        <property name="moduleName" type="java.lang.String">
            <column name="module_name" not-null="false" unique="false" sql-type="NVARCHAR(100) COLLATE SQL_Latin1_General_CP1_CS_AS"/>
        </property>
        <property name="patchIdentifier" type="java.lang.String">
            <column name="patch_identifier" not-null="false" unique="false" sql-type="NVARCHAR(200) COLLATE SQL_Latin1_General_CP1_CS_AS"/>
        </property>
        <property name="versionNumber" type="java.lang.String">
            <column name="version_number" not-null="false" unique="false" sql-type="NVARCHAR(100) COLLATE SQL_Latin1_General_CP1_CS_AS"/>
        </property>
        <property name="patchTs" type="java.sql.Timestamp">
            <column name="patch_ts" not-null="false" unique="false" sql-type="DATETIME"/>
        </property>
        <property name="isLatest" type="true_false">
            <column name="is_latest" not-null="false" unique="false" sql-type="CHAR(1)" default="'F'"/>
        </property>
    </class>
</hibernate-mapping>