<?xml version="1.0" encoding="UTF-8"?>
<!--
     Attention: Generated code! Do not modify by hand!
     Generated by: hibernate.hbm.xml.vsl in andromda-hibernate-cartridge.
  -->
<!DOCTYPE hibernate-mapping PUBLIC "-//Hibernate/Hibernate Mapping DTD 3.0//EN"
          "http://hibernate.sourceforge.net/hibernate-mapping-3.0.dtd">

<hibernate-mapping default-cascade="none">
    <class name="com.oatsystems.udm.config.ConfigDataChangeHistoryImpl" table="CONFIG_DATA_CHANGE_HISTORY" dynamic-insert="false" dynamic-update="false">
        <id name="configDataChangeHistoryId" type="java.lang.Long" unsaved-value="null">
            <column name="CONFIG_DATA_CHANGE_HISTORY_ID" sql-type="INTEGER"/>
            <generator class="native">
            </generator>
        </id>
        <property name="deleted" type="true_false">
            <column name="DELETED" not-null="false" unique="false" sql-type="CHAR(1)" default="'F'"/>
        </property>
        <property name="lastUpdateState" type="java.lang.Long">
            <column name="LAST_UPDATE_STATE" not-null="false" unique="false" sql-type="INTEGER"/>
        </property>
        <property name="state" type="java.lang.Long">
            <column name="STATE" not-null="false" unique="false" sql-type="INTEGER"/>
        </property>
        <property name="guid" type="java.lang.String">
            <column name="GUID" not-null="false" unique="false" sql-type="NVARCHAR(255) COLLATE SQL_Latin1_General_CP1_CS_AS"/>
        </property>
        <property name="module" type="java.lang.String">
            <column name="MODULE" not-null="true" unique="false" sql-type="NVARCHAR(255) COLLATE SQL_Latin1_General_CP1_CS_AS"/>
        </property>
        <property name="changedDate" type="java.util.Date">
            <column name="CHANGED_DATE" not-null="true" unique="false" sql-type="DATETIME"/>
        </property>
        <property name="siteId" type="java.lang.Long">
            <column name="SITE_ID" not-null="false" unique="false" sql-type="INTEGER"/>
        </property>
    </class>
</hibernate-mapping>