<?xml version="1.0" encoding="UTF-8"?>
<!--
     Attention: Generated code! Do not modify by hand!
     Generated by: hibernate.hbm.xml.vsl in andromda-hibernate-cartridge.
  -->
<!DOCTYPE hibernate-mapping PUBLIC "-//Hibernate/Hibernate Mapping DTD 3.0//EN"
          "http://hibernate.sourceforge.net/hibernate-mapping-3.0.dtd">

<hibernate-mapping default-cascade="none">
    <class name="com.oatsystems.udm.config.DataTransportEdgeImpl" table="data_transport_edge" dynamic-insert="false" dynamic-update="false">
        <id name="dataTransportEdgeId" type="java.lang.Long" unsaved-value="null">
            <column name="data_transport_edge_id" sql-type="INTEGER"/>
            <generator class="native">
            </generator>
        </id>
        <many-to-one name="dataTransportType" class="com.oatsystems.udm.config.DataTransportTypeImpl" foreign-key="dataXportEdge_fk1" lazy="proxy" fetch="select">
            <column name="data_transport_type_id" not-null="false" sql-type="INTEGER"/>
        </many-to-one>
        <many-to-one name="edgeServer" class="com.oatsystems.udm.config.EdgeServerImpl" foreign-key="dataXportEdge_fk2" lazy="proxy" fetch="select">
            <column name="edge_server_id" not-null="false" sql-type="INTEGER"/>
        </many-to-one>
    </class>
</hibernate-mapping>