<?xml version="1.0" encoding="UTF-8"?>
<!--
     Attention: Generated code! Do not modify by hand!
     Generated by: hibernate.hbm.xml.vsl in andromda-hibernate-cartridge.
  -->
<!DOCTYPE hibernate-mapping PUBLIC "-//Hibernate/Hibernate Mapping DTD 3.0//EN"
          "http://hibernate.sourceforge.net/hibernate-mapping-3.0.dtd">

<hibernate-mapping default-cascade="none">
    <class name="com.oatsystems.udm.config.DataTransferTypeImpl" table="data_transfer_type" dynamic-insert="false" dynamic-update="false">
        <id name="dataTransferTypeId" type="java.lang.Long" unsaved-value="null">
            <column name="data_transfer_type_id" sql-type="INTEGER"/>
            <generator class="native">
            </generator>
        </id>
        <property name="dataTransferType" type="java.lang.String">
            <column name="data_transfer_type" not-null="false" unique="false" sql-type="NVARCHAR(100) COLLATE SQL_Latin1_General_CP1_CS_AS"/>
        </property>
        <property name="dataTransferTypeDesc" type="java.lang.String">
            <column name="data_transfer_type_desc" not-null="false" unique="true" sql-type="NVARCHAR(200) COLLATE SQL_Latin1_General_CP1_CS_AS"/>
        </property>
    </class>
</hibernate-mapping>