<?xml version="1.0" encoding="UTF-8"?>
<!--
     Attention: Generated code! Do not modify by hand!
     Generated by: hibernate.hbm.xml.vsl in andromda-hibernate-cartridge.
  -->
<!DOCTYPE hibernate-mapping PUBLIC "-//Hibernate/Hibernate Mapping DTD 3.0//EN"
          "http://hibernate.sourceforge.net/hibernate-mapping-3.0.dtd">

<hibernate-mapping default-cascade="none">
    <class name="com.oatsystems.udm.config.EdgeServerImpl" table="edge_server" dynamic-insert="false" dynamic-update="false">
        <id name="edgeServerId" type="java.lang.Long" unsaved-value="null">
            <column name="edge_server_id" sql-type="INTEGER"/>
            <generator class="native">
            </generator>
        </id>
        <property name="deleted" type="true_false">
            <column name="DELETED" not-null="false" unique="false" sql-type="CHAR(1)" default="'F'"/>
        </property>
        <property name="lastUpdateState" type="java.lang.Long">
            <column name="LAST_UPDATE_STATE" not-null="false" unique="false" sql-type="INTEGER"/>
        </property>
        <property name="state" type="java.lang.Long">
            <column name="STATE" not-null="false" unique="false" sql-type="INTEGER"/>
        </property>
        <property name="guid" type="java.lang.String">
            <column name="GUID" not-null="false" unique="false" sql-type="NVARCHAR(255) COLLATE SQL_Latin1_General_CP1_CS_AS"/>
        </property>
        <property name="edgeName" type="java.lang.String">
            <column name="edge_name" not-null="false" unique="false" sql-type="NVARCHAR(200) COLLATE SQL_Latin1_General_CP1_CS_AS"/>
        </property>
        <property name="edgeEpc" type="java.lang.String">
            <column name="edge_epc" not-null="false" unique="false" sql-type="NVARCHAR(100) COLLATE SQL_Latin1_General_CP1_CS_AS"/>
        </property>
        <property name="ipAddress" type="java.lang.String">
            <column name="ip_address" not-null="false" unique="false" sql-type="NVARCHAR(100) COLLATE SQL_Latin1_General_CP1_CS_AS"/>
        </property>
        <property name="port" type="java.lang.String">
            <column name="port" not-null="false" unique="false" sql-type="NVARCHAR(10) COLLATE SQL_Latin1_General_CP1_CS_AS"/>
        </property>
        <property name="version" type="java.lang.String">
            <column name="version" not-null="false" unique="false" sql-type="NVARCHAR(20) COLLATE SQL_Latin1_General_CP1_CS_AS"/>
        </property>
        <property name="migrationEnabled" type="true_false">
            <column name="migration_enabled" not-null="false" unique="false" sql-type="CHAR(1)"/>
        </property>
        <property name="notes" type="java.lang.String">
            <column name="notes" not-null="false" unique="false" sql-type="NVARCHAR(300) COLLATE SQL_Latin1_General_CP1_CS_AS"/>
        </property>
        <property name="controller" type="true_false">
            <column name="controller" not-null="false" unique="false" sql-type="CHAR(1)"/>
        </property>
        <property name="eenmsRequestAllowed" type="true_false">
            <column name="eenms_request_allowed" not-null="false" unique="false" sql-type="CHAR(1)"/>
        </property>
        <property name="eenmsMaxRequest" type="java.lang.Long">
            <column name="eenms_max_request" not-null="false" unique="false" sql-type="INTEGER"/>
        </property>
        <property name="eenmsPassword" type="java.lang.String">
            <column name="eenms_password" not-null="false" unique="false" sql-type="NVARCHAR(255) COLLATE SQL_Latin1_General_CP1_CS_AS"/>
        </property>
        <property name="edgeControllerId" type="java.lang.String">
            <column name="edge_controller_id" not-null="false" unique="false" sql-type="NVARCHAR(255) COLLATE SQL_Latin1_General_CP1_CS_AS"/>
        </property>
        <property name="masterDataChanged" type="true_false">
            <column name="master_data_changed" not-null="false" unique="false" sql-type="CHAR(1)"/>
        </property>
        <property name="eenmsLowThreshold" type="java.lang.Long">
            <column name="eenms_low_threshold" not-null="false" unique="false" sql-type="INTEGER"/>
        </property>
        <property name="eenmsSgtinRangeSize" type="java.lang.Long">
            <column name="eenms_sgtin_range_size" not-null="false" unique="false" sql-type="INTEGER"/>
        </property>
        <property name="eenmsSsccRangeSize" type="java.lang.Long">
            <column name="eenms_sscc_range_size" not-null="false" unique="false" sql-type="INTEGER"/>
        </property>
        <property name="eenmsGidRangeSize" type="java.lang.Long">
            <column name="eenms_gid_range_size" not-null="false" unique="false" sql-type="INTEGER"/>
        </property>
        <property name="eenmsGraiRangeSize" type="java.lang.Long">
            <column name="eenms_grai_range_size" not-null="false" unique="false" sql-type="INTEGER"/>
        </property>
        <property name="eenmsGiaiRangeSize" type="java.lang.Long">
            <column name="eenms_giai_range_size" not-null="false" unique="false" sql-type="INTEGER"/>
        </property>
        <property name="eenmsUsdodRangeSize" type="java.lang.Long">
            <column name="eenms_usdod_range_size" not-null="false" unique="false" sql-type="INTEGER"/>
        </property>
        <property name="eenmsCustomRangeSize" type="java.lang.Long">
            <column name="eenms_custom_range_size" not-null="false" unique="false" sql-type="INTEGER"/>
        </property>
        <property name="wsContext" type="java.lang.String">
            <column name="ws_context" not-null="false" unique="false" sql-type="NVARCHAR(20) COLLATE SQL_Latin1_General_CP1_CS_AS" default="'axis'"/>
        </property>
        <property name="macAddress" type="java.lang.String">
            <column name="mac_address" not-null="false" unique="false" sql-type="NVARCHAR(255) COLLATE SQL_Latin1_General_CP1_CS_AS"/>
        </property>
        <property name="hostname" type="java.lang.String">
            <column name="hostname" not-null="false" unique="false" sql-type="NVARCHAR(255) COLLATE SQL_Latin1_General_CP1_CS_AS"/>
        </property>
        <property name="deviceSerialNumber" type="java.lang.String">
            <column name="device_serial_number" not-null="false" unique="false" sql-type="NVARCHAR(255) COLLATE SQL_Latin1_General_CP1_CS_AS"/>
        </property>
        <set name="locationEdgeServerMaps" order-by="edge_server_id" lazy="true" fetch="select" inverse="true">
            <key foreign-key="locEdgeSvrMap_fk2">
                <column name="edge_server_id" sql-type="INTEGER"/>
            </key>
            <one-to-many class="com.oatsystems.udm.physical.LocationEdgeServerMapImpl"/>
        </set>
        <many-to-one name="location" class="com.oatsystems.udm.physical.LocationImpl" foreign-key="edgeServerLocFk" lazy="proxy" fetch="select">
            <column name="location_id" not-null="false" sql-type="INTEGER"/>
        </many-to-one>
        <many-to-one name="parentServer" class="com.oatsystems.udm.config.EdgeServerImpl" foreign-key="edgeServer_fk2" lazy="proxy" fetch="select">
            <column name="parent_server_id" not-null="false" sql-type="INTEGER"/>
        </many-to-one>
        <set name="edgeServers" order-by="parent_server_id" lazy="true" fetch="select" inverse="true">
            <key foreign-key="edgeServer_fk2">
                <column name="parent_server_id" sql-type="INTEGER"/>
            </key>
            <one-to-many class="com.oatsystems.udm.config.EdgeServerImpl"/>
        </set>
        <set name="userSiteRolesses" order-by="edge_server_id" lazy="true" fetch="select" inverse="true">
            <key foreign-key="siteRoleES_fk">
                <column name="edge_server_id" sql-type="INTEGER"/>
            </key>
            <one-to-many class="com.oatsystems.udm.raf.UserSiteRolesImpl"/>
        </set>
        <set name="productSiteMaps" order-by="edge_server_id" lazy="true" fetch="select" inverse="true">
            <key foreign-key="prdSiteMap_fk3">
                <column name="edge_server_id" sql-type="INTEGER"/>
            </key>
            <one-to-many class="com.oatsystems.udm.logicalProduct.ProductSiteMapImpl"/>
        </set>
        <set name="eaTaskInstanceMaps" order-by="edge_server_id" lazy="true" fetch="select" inverse="true">
            <key foreign-key="etim_es_fk">
                <column name="edge_server_id" sql-type="INTEGER"/>
            </key>
            <one-to-many class="com.oatsystems.udm.tmsext.EaTaskInstanceMapImpl"/>
        </set>
        <set name="eaTaskDefinitionMaps" order-by="edge_server_id" lazy="true" fetch="select" inverse="true">
            <key foreign-key="etdm_es_fk">
                <column name="edge_server_id" sql-type="INTEGER"/>
            </key>
            <one-to-many class="com.oatsystems.udm.tmsext.EaTaskDefinitionMapImpl"/>
        </set>
        <many-to-one name="sensewareInstall" class="com.oatsystems.udm.sw.SensewareInstallImpl" foreign-key="edgeServer_fk1" lazy="proxy" fetch="select">
            <column name="edge_install_id" not-null="false" sql-type="INTEGER"/>
        </many-to-one>
    </class>
</hibernate-mapping>