<?xml version="1.0" encoding="UTF-8"?>
<!--
     Attention: Generated code! Do not modify by hand!
     Generated by: hibernate.hbm.xml.vsl in andromda-hibernate-cartridge.
  -->
<!DOCTYPE hibernate-mapping PUBLIC "-//Hibernate/Hibernate Mapping DTD 3.0//EN"
          "http://hibernate.sourceforge.net/hibernate-mapping-3.0.dtd">

<hibernate-mapping default-cascade="none">
    <class name="com.oatsystems.udm.appMsg.DeIbTransactionLogImpl" table="de_ib_transaction_log" dynamic-insert="false" dynamic-update="false">
        <id name="transactionLogId" type="java.lang.Long" unsaved-value="null">
            <column name="transaction_log_id" sql-type="INTEGER"/>
            <generator class="native">
            </generator>
        </id>
        <property name="transactionId" type="java.lang.String">
            <column name="transaction_id" not-null="true" unique="false" sql-type="NVARCHAR(250) COLLATE SQL_Latin1_General_CP1_CS_AS"/>
        </property>
        <property name="transactionTimestamp" type="java.sql.Timestamp">
            <column name="transaction_timestamp" not-null="true" unique="false" sql-type="DATETIME"/>
        </property>
        <property name="content" type="java.lang.String">
            <column name="content" not-null="false" unique="false" sql-type="NVARCHAR(1800) COLLATE SQL_Latin1_General_CP1_CS_AS"/>
        </property>
        <property name="ackTimestamp" type="java.sql.Timestamp">
            <column name="ack_timestamp" not-null="false" unique="false" sql-type="DATETIME"/>
        </property>
        <property name="ackErrorCode" type="java.lang.String">
            <column name="ack_error_code" not-null="false" unique="false" sql-type="NVARCHAR(300) COLLATE SQL_Latin1_General_CP1_CS_AS"/>
        </property>
        <property name="ackErrorDesc" type="java.lang.String">
            <column name="ack_error_desc" not-null="false" unique="false" sql-type="NVARCHAR(500) COLLATE SQL_Latin1_General_CP1_CS_AS"/>
        </property>
        <property name="data0" type="java.lang.String">
            <column name="data0" not-null="false" unique="false" sql-type="NVARCHAR(100) COLLATE SQL_Latin1_General_CP1_CS_AS"/>
        </property>
        <property name="data1" type="java.lang.String">
            <column name="data1" not-null="false" unique="false" sql-type="NVARCHAR(100) COLLATE SQL_Latin1_General_CP1_CS_AS"/>
        </property>
        <property name="data2" type="java.lang.String">
            <column name="data2" not-null="false" unique="false" sql-type="NVARCHAR(100) COLLATE SQL_Latin1_General_CP1_CS_AS"/>
        </property>
        <property name="data3" type="java.lang.String">
            <column name="data3" not-null="false" unique="false" sql-type="NVARCHAR(100) COLLATE SQL_Latin1_General_CP1_CS_AS"/>
        </property>
        <property name="data4" type="java.lang.String">
            <column name="data4" not-null="false" unique="false" sql-type="NVARCHAR(100) COLLATE SQL_Latin1_General_CP1_CS_AS"/>
        </property>
        <property name="data5" type="java.lang.String">
            <column name="data5" not-null="false" unique="false" sql-type="NVARCHAR(100) COLLATE SQL_Latin1_General_CP1_CS_AS"/>
        </property>
        <property name="data6" type="java.lang.String">
            <column name="data6" not-null="false" unique="false" sql-type="NVARCHAR(100) COLLATE SQL_Latin1_General_CP1_CS_AS"/>
        </property>
        <property name="data7" type="java.lang.String">
            <column name="data7" not-null="false" unique="false" sql-type="NVARCHAR(100) COLLATE SQL_Latin1_General_CP1_CS_AS"/>
        </property>
        <property name="data8" type="java.lang.String">
            <column name="data8" not-null="false" unique="false" sql-type="NVARCHAR(100) COLLATE SQL_Latin1_General_CP1_CS_AS"/>
        </property>
        <property name="data9" type="java.lang.String">
            <column name="data9" not-null="false" unique="false" sql-type="NVARCHAR(100) COLLATE SQL_Latin1_General_CP1_CS_AS"/>
        </property>
        <many-to-one name="deTransactionStatus" class="com.oatsystems.udm.appMsg.DeTransactionStatusImpl" foreign-key="deIbTxnLog_fk2" lazy="proxy" fetch="select">
            <column name="ack_status_id" not-null="false" sql-type="INTEGER"/>
        </many-to-one>
        <many-to-one name="deTransactionType" class="com.oatsystems.udm.appMsg.DeTransactionTypeImpl" foreign-key="deIbTxnLog_fk1" lazy="proxy" fetch="select">
            <column name="transaction_type" not-null="true" sql-type="INTEGER"/>
        </many-to-one>
    </class>
</hibernate-mapping>