<?xml version="1.0" encoding="UTF-8"?>
<!--
     Attention: Generated code! Do not modify by hand!
     Generated by: hibernate.hbm.xml.vsl in andromda-hibernate-cartridge.
  -->
<!DOCTYPE hibernate-mapping PUBLIC "-//Hibernate/Hibernate Mapping DTD 3.0//EN"
          "http://hibernate.sourceforge.net/hibernate-mapping-3.0.dtd">

<hibernate-mapping default-cascade="none">
    <class name="com.oatsystems.udm.appMsg.DeMessageImpl" table="de_message" dynamic-insert="false" dynamic-update="false">
        <id name="deMessageId" type="java.lang.Long" unsaved-value="null">
            <column name="de_message_id" sql-type="INTEGER"/>
            <generator class="native">
            </generator>
        </id>
        <property name="timestamp" type="java.lang.Long">
            <column name="timestamp" not-null="false" unique="false" sql-type="BIGINT"/>
        </property>
        <many-to-one name="deMessageStatus" class="com.oatsystems.udm.appMsg.DeMessageStatusImpl" foreign-key="deMsg_fk1" lazy="proxy" fetch="select">
            <column name="status_id" not-null="false" sql-type="INTEGER"/>
        </many-to-one>
        <many-to-one name="deObTransactionLog" class="com.oatsystems.udm.appMsg.DeObTransactionLogImpl" foreign-key="deMsg_fk2" lazy="proxy" fetch="select">
            <column name="transaction_log_id" not-null="false" sql-type="INTEGER"/>
        </many-to-one>
    </class>
</hibernate-mapping>