<?xml version="1.0" encoding="UTF-8"?>
<!--
     Attention: Generated code! Do not modify by hand!
     Generated by: hibernate.hbm.xml.vsl in andromda-hibernate-cartridge.
  -->
<!DOCTYPE hibernate-mapping PUBLIC "-//Hibernate/Hibernate Mapping DTD 3.0//EN"
          "http://hibernate.sourceforge.net/hibernate-mapping-3.0.dtd">

<hibernate-mapping default-cascade="none">
    <class name="com.oatsystems.udm.appMsg.DeTransactionTypeImpl" table="de_transaction_type" dynamic-insert="false" dynamic-update="false">
        <id name="transactionTypeId" type="java.lang.Long" unsaved-value="null">
            <column name="transaction_type_id" sql-type="INTEGER"/>
            <generator class="native">
            </generator>
        </id>
        <property name="transactionType" type="java.lang.String">
            <column name="transaction_type" not-null="true" unique="false" sql-type="NVARCHAR(100) COLLATE SQL_Latin1_General_CP1_CS_AS"/>
        </property>
        <property name="transactionTypeDesc" type="java.lang.String">
            <column name="transaction_type_desc" not-null="false" unique="false" sql-type="NVARCHAR(250) COLLATE SQL_Latin1_General_CP1_CS_AS"/>
        </property>
        <property name="ackReqd" type="true_false">
            <column name="ack_reqd" not-null="false" unique="false" sql-type="CHAR(1)" default="'F'"/>
        </property>
        <property name="noOfRetries" type="java.lang.Long">
            <column name="no_of_retries" not-null="false" unique="false" sql-type="INTEGER"/>
        </property>
        <property name="ackTimeout" type="java.lang.Long">
            <column name="ack_timeout" not-null="false" unique="false" sql-type="BIGINT"/>
        </property>
        <set name="deIbTransactionLogs" order-by="transaction_type" lazy="true" fetch="select" inverse="true">
            <key foreign-key="deIbTxnLog_fk1">
                <column name="transaction_type" sql-type="INTEGER"/>
            </key>
            <one-to-many class="com.oatsystems.udm.appMsg.DeIbTransactionLogImpl"/>
        </set>
        <set name="deObTransactionLogs" order-by="transaction_type" lazy="true" fetch="select" inverse="true">
            <key foreign-key="deObTxnLog_fk1">
                <column name="transaction_type" sql-type="INTEGER"/>
            </key>
            <one-to-many class="com.oatsystems.udm.appMsg.DeObTransactionLogImpl"/>
        </set>
    </class>
</hibernate-mapping>