<?xml version="1.0" encoding="UTF-8"?>
<!--
     Attention: Generated code! Do not modify by hand!
     Generated by: hibernate.hbm.xml.vsl in andromda-hibernate-cartridge.
  -->
<!DOCTYPE hibernate-mapping PUBLIC "-//Hibernate/Hibernate Mapping DTD 3.0//EN"
          "http://hibernate.sourceforge.net/hibernate-mapping-3.0.dtd">

<hibernate-mapping default-cascade="none">
    <class name="com.oatsystems.udm.audit.AuditTrailExceptionImpl" table="audit_trail_exception" dynamic-insert="false" dynamic-update="false">
        <id name="auditTrailExceptionId" type="java.lang.Long" unsaved-value="null">
            <column name="audit_trail_exception_id" sql-type="INTEGER"/>
            <generator class="native">
            </generator>
        </id>
        <property name="excpType" type="java.lang.String">
            <column name="excp_type" not-null="false" unique="false" sql-type="NVARCHAR(30) COLLATE SQL_Latin1_General_CP1_CS_AS"/>
        </property>
        <property name="linenumStart" type="java.lang.Long">
            <column name="linenum_start" not-null="false" unique="false" sql-type="INTEGER"/>
        </property>
        <property name="linenumEnd" type="java.lang.Long">
            <column name="linenum_end" not-null="false" unique="false" sql-type="INTEGER"/>
        </property>
        <property name="inputData" type="java.lang.String">
            <column name="input_data" not-null="false" unique="false" sql-type="NVARCHAR(1000) COLLATE SQL_Latin1_General_CP1_CS_AS"/>
        </property>
        <property name="errorData" type="java.lang.String">
            <column name="error_data" not-null="false" unique="false" sql-type="NVARCHAR(300) COLLATE SQL_Latin1_General_CP1_CS_AS"/>
        </property>
        <property name="explanationCode" type="java.lang.String">
            <column name="explanation_code" not-null="false" unique="false" sql-type="NVARCHAR(20) COLLATE SQL_Latin1_General_CP1_CS_AS"/>
        </property>
        <property name="excpDetail" type="java.lang.String">
            <column name="excp_detail" not-null="false" unique="false" sql-type="NVARCHAR(600) COLLATE SQL_Latin1_General_CP1_CS_AS"/>
        </property>
        <property name="excpDate" type="java.sql.Timestamp">
            <column name="excp_date" not-null="false" unique="false" sql-type="DATETIME"/>
        </property>
        <property name="status" type="java.lang.String">
            <column name="status" not-null="false" unique="false" sql-type="NVARCHAR(20) COLLATE SQL_Latin1_General_CP1_CS_AS"/>
        </property>
        <property name="deleted" type="true_false">
            <column name="deleted" not-null="false" unique="false" sql-type="CHAR(1)"/>
        </property>
        <set name="atExWarningsDetails" order-by="audit_trail_exception_id" lazy="true" fetch="select" inverse="true">
            <key foreign-key="atExWarningDtl_fk1">
                <column name="audit_trail_exception_id" sql-type="INTEGER"/>
            </key>
            <one-to-many class="com.oatsystems.udm.audit.AtExWarningsDetailImpl"/>
        </set>
        <many-to-one name="auditTrail" class="com.oatsystems.udm.audit.AuditTrailImpl" foreign-key="auditTrailExcp_fk1" lazy="proxy" fetch="select">
            <column name="audit_trail_id" not-null="false" sql-type="INTEGER"/>
        </many-to-one>
    </class>
</hibernate-mapping>