<?xml version="1.0" encoding="UTF-8"?>
<!--
     Attention: Generated code! Do not modify by hand!
     Generated by: hibernate.hbm.xml.vsl in andromda-hibernate-cartridge.
  -->
<!DOCTYPE hibernate-mapping PUBLIC "-//Hibernate/Hibernate Mapping DTD 3.0//EN"
          "http://hibernate.sourceforge.net/hibernate-mapping-3.0.dtd">

<hibernate-mapping default-cascade="none">
    <class name="com.oatsystems.udm.audit.AuditTrailImpl" table="audit_trail" dynamic-insert="false" dynamic-update="false">
        <id name="auditTrailId" type="java.lang.Long" unsaved-value="null">
            <column name="audit_trail_id" sql-type="INTEGER"/>
            <generator class="native">
            </generator>
        </id>
        <property name="source" type="java.lang.String">
            <column name="source" not-null="false" unique="false" sql-type="NVARCHAR(200) COLLATE SQL_Latin1_General_CP1_CS_AS"/>
        </property>
        <property name="adapter_name" type="java.lang.String">
            <column name="adapter_name" not-null="false" unique="false" sql-type="NVARCHAR(40) COLLATE SQL_Latin1_General_CP1_CS_AS"/>
        </property>
        <property name="loadingDateStart" type="java.sql.Timestamp">
            <column name="loading_date_start" not-null="false" unique="false" sql-type="DATETIME"/>
        </property>
        <property name="loadingDateEnd" type="java.sql.Timestamp">
            <column name="loading_date_end" not-null="false" unique="false" sql-type="DATETIME"/>
        </property>
        <property name="numAccepted" type="java.lang.Long">
            <column name="num_accepted" not-null="false" unique="false" sql-type="INTEGER"/>
        </property>
        <property name="numRejected" type="java.lang.Long">
            <column name="num_rejected" not-null="false" unique="false" sql-type="INTEGER"/>
        </property>
        <property name="numErrors" type="java.lang.Long">
            <column name="num_errors" not-null="false" unique="false" sql-type="INTEGER"/>
        </property>
        <property name="num_warnings" type="java.lang.Long">
            <column name="num_warnings" not-null="false" unique="false" sql-type="INTEGER"/>
        </property>
        <property name="status" type="java.lang.String">
            <column name="status" not-null="false" unique="false" sql-type="NVARCHAR(30) COLLATE SQL_Latin1_General_CP1_CS_AS"/>
        </property>
        <property name="reason" type="java.lang.String">
            <column name="reason" not-null="false" unique="false" sql-type="NVARCHAR(600) COLLATE SQL_Latin1_General_CP1_CS_AS"/>
        </property>
        <property name="fileLoc" type="java.lang.String">
            <column name="file_loc" not-null="false" unique="false" sql-type="NVARCHAR(100) COLLATE SQL_Latin1_General_CP1_CS_AS"/>
        </property>
        <property name="deleted" type="true_false">
            <column name="deleted" not-null="false" unique="false" sql-type="CHAR(1)"/>
        </property>
        <property name="startState" type="java.lang.Long">
            <column name="start_state" not-null="false" unique="false" sql-type="INTEGER"/>
        </property>
        <property name="endState" type="java.lang.Long">
            <column name="end_state" not-null="false" unique="false" sql-type="INTEGER"/>
        </property>
        <property name="lastState" type="java.lang.Long">
            <column name="last_state" not-null="false" unique="false" sql-type="INTEGER"/>
        </property>
        <set name="auditTrailExceptions" order-by="audit_trail_id" lazy="true" fetch="select" inverse="true">
            <key foreign-key="auditTrailExcp_fk1">
                <column name="audit_trail_id" sql-type="INTEGER"/>
            </key>
            <one-to-many class="com.oatsystems.udm.audit.AuditTrailExceptionImpl"/>
        </set>
    </class>
</hibernate-mapping>