<?xml version="1.0" encoding="UTF-8"?>
<!--
     Attention: Generated code! Do not modify by hand!
     Generated by: hibernate.hbm.xml.vsl in andromda-hibernate-cartridge.
  -->
<!DOCTYPE hibernate-mapping PUBLIC "-//Hibernate/Hibernate Mapping DTD 3.0//EN"
          "http://hibernate.sourceforge.net/hibernate-mapping-3.0.dtd">

<hibernate-mapping default-cascade="none">
    <class name="com.oatsystems.udm.audit.AuditTrailStatusImpl" table="audit_trail_status" dynamic-insert="false" dynamic-update="false">
        <id name="auditTrailStatusId" type="java.lang.Long" unsaved-value="null">
            <column name="audit_trail_status_id" sql-type="INTEGER"/>
            <generator class="native">
            </generator>
        </id>
        <property name="status" type="java.lang.String">
            <column name="status" not-null="false" unique="false" sql-type="NVARCHAR(20) COLLATE SQL_Latin1_General_CP1_CS_AS"/>
        </property>
    </class>
</hibernate-mapping>