<?xml version="1.0" encoding="UTF-8"?>
<!--
     Attention: Generated code! Do not modify by hand!
     Generated by: hibernate.hbm.xml.vsl in andromda-hibernate-cartridge.
  -->
<!DOCTYPE hibernate-mapping PUBLIC "-//Hibernate/Hibernate Mapping DTD 3.0//EN"
          "http://hibernate.sourceforge.net/hibernate-mapping-3.0.dtd">

<hibernate-mapping default-cascade="none">
    <class name="com.oatsystems.udm.audit.ParkingInfoImpl" table="parking_info" dynamic-insert="false" dynamic-update="false">
        <id name="parkingInfoId" type="java.lang.Long" unsaved-value="null">
            <column name="parking_info_id" sql-type="INTEGER"/>
            <generator class="native">
            </generator>
        </id>
        <property name="parkedDate" type="java.sql.Timestamp">
            <column name="parked_date" not-null="false" unique="false" sql-type="DATETIME"/>
        </property>
        <property name="reasonCode" type="java.lang.String">
            <column name="reason_code" not-null="false" unique="false" sql-type="NVARCHAR(40) COLLATE SQL_Latin1_General_CP1_CS_AS"/>
        </property>
        <property name="comments" type="java.lang.String">
            <column name="comments" not-null="false" unique="false" sql-type="NVARCHAR(500) COLLATE SQL_Latin1_General_CP1_CS_AS"/>
        </property>
        <property name="sourceTableName" type="java.lang.String">
            <column name="source_table_name" not-null="false" unique="false" sql-type="NVARCHAR(100) COLLATE SQL_Latin1_General_CP1_CS_AS"/>
        </property>
        <property name="sourcePrimaryKey" type="java.lang.Long">
            <column name="source_primary_key" not-null="false" unique="false" sql-type="INTEGER"/>
        </property>
        <property name="toBeProcessed" type="true_false">
            <column name="to_be_processed" not-null="false" unique="false" sql-type="CHAR(1)"/>
        </property>
    </class>
</hibernate-mapping>