<?xml version="1.0" encoding="UTF-8"?>
<!--
     Attention: Generated code! Do not modify by hand!
     Generated by: hibernate.hbm.xml.vsl in andromda-hibernate-cartridge.
  -->
<!DOCTYPE hibernate-mapping PUBLIC "-//Hibernate/Hibernate Mapping DTD 3.0//EN"
          "http://hibernate.sourceforge.net/hibernate-mapping-3.0.dtd">

<hibernate-mapping default-cascade="none">
    <class name="com.oatsystems.udm.ams.AlertRecipientsLogImpl" table="alert_recipients_log" dynamic-insert="false" dynamic-update="false">
        <id name="alertRecipientId" type="java.lang.Long" unsaved-value="null">
            <column name="alert_recipient_id" sql-type="INTEGER"/>
            <generator class="native">
            </generator>
        </id>
        <property name="creationTime" type="java.sql.Timestamp">
            <column name="creation_time" not-null="true" unique="false" sql-type="DATETIME"/>
        </property>
        <property name="lastUpdationTime" type="java.sql.Timestamp">
            <column name="last_updation_time" not-null="true" unique="false" sql-type="DATETIME"/>
        </property>
        <property name="numberOfTimesSent" type="java.lang.Long">
            <column name="number_of_times_sent" not-null="false" unique="false" sql-type="INTEGER"/>
        </property>
        <many-to-one name="amsAlerts" class="com.oatsystems.udm.ams.AmsAlertsImpl" foreign-key="alertRecpLog_fk3" lazy="proxy" fetch="select">
            <column name="alert_id" not-null="true" sql-type="INTEGER"/>
        </many-to-one>
        <many-to-one name="user" class="com.oatsystems.udm.raf.UserImpl" foreign-key="alertRecpLog_fk4" lazy="proxy" fetch="select">
            <column name="user_id" not-null="true" sql-type="INTEGER"/>
        </many-to-one>
        <many-to-one name="alertsStatus" class="com.oatsystems.udm.ams.AlertsStatusImpl" foreign-key="alertRecpLog_fk1" lazy="proxy" fetch="select">
            <column name="alert_status_id" not-null="true" sql-type="INTEGER"/>
        </many-to-one>
        <many-to-one name="alertModes" class="com.oatsystems.udm.ams.AlertModesImpl" foreign-key="alertRecpLog_fk2" lazy="proxy" fetch="select">
            <column name="alert_mode_id" not-null="true" sql-type="INTEGER"/>
        </many-to-one>
    </class>
</hibernate-mapping>