<?xml version="1.0" encoding="UTF-8"?>
<!--
     Attention: Generated code! Do not modify by hand!
     Generated by: hibernate.hbm.xml.vsl in andromda-hibernate-cartridge.
  -->
<!DOCTYPE hibernate-mapping PUBLIC "-//Hibernate/Hibernate Mapping DTD 3.0//EN"
          "http://hibernate.sourceforge.net/hibernate-mapping-3.0.dtd">

<hibernate-mapping default-cascade="none">
    <class name="com.oatsystems.udm.ams.AlertDefaultRecipientsImpl" table="alert_default_recipients" dynamic-insert="false" dynamic-update="false">
        <id name="alertDefaultRecipientId" type="java.lang.Long" unsaved-value="null">
            <column name="alert_default_recipient_id" sql-type="INTEGER"/>
            <generator class="native">
            </generator>
        </id>
        <property name="notify" type="java.lang.Double">
            <column name="notify" not-null="true" unique="false" sql-type="NUMERIC(1)"/>
        </property>
        <property name="maxCollateAlertPriority" type="java.lang.String">
            <column name="max_collate_alert_priority" not-null="true" unique="false" sql-type="NVARCHAR(20) COLLATE SQL_Latin1_General_CP1_CS_AS"/>
        </property>
        <property name="collateEmail" type="java.lang.Double">
            <column name="collate_email" not-null="true" unique="false" sql-type="NUMERIC(1)"/>
        </property>
        <property name="collateEmailTime" type="java.sql.Timestamp">
            <column name="collate_email_time" not-null="false" unique="false" sql-type="DATETIME"/>
        </property>
        <many-to-one name="roles" class="com.oatsystems.udm.raf.RolesImpl" foreign-key="alertDfltRecp_fk3" lazy="proxy" fetch="select">
            <column name="role_id" not-null="false" sql-type="INTEGER"/>
        </many-to-one>
        <many-to-one name="amsAlertTypes" class="com.oatsystems.udm.ams.AmsAlertTypesImpl" foreign-key="alertDfltRecp_fk2" lazy="proxy" fetch="select">
            <column name="alert_type_id" not-null="false" sql-type="INTEGER"/>
        </many-to-one>
        <many-to-one name="user" class="com.oatsystems.udm.raf.UserImpl" foreign-key="alertDfltRecp_fk6" lazy="proxy" fetch="select">
            <column name="user_id" not-null="false" sql-type="INTEGER"/>
        </many-to-one>
        <many-to-one name="groups" class="com.oatsystems.udm.raf.GroupsImpl" foreign-key="alertDfltRecp_fk4" lazy="proxy" fetch="select">
            <column name="group_id" not-null="false" sql-type="INTEGER"/>
        </many-to-one>
        <many-to-one name="alertModes" class="com.oatsystems.udm.ams.AlertModesImpl" foreign-key="alertDfltRecp_fk1" lazy="proxy" fetch="select">
            <column name="alert_mode_id" not-null="true" sql-type="INTEGER"/>
        </many-to-one>
        <many-to-one name="alertGroups" class="com.oatsystems.udm.ams.AlertGroupsImpl" foreign-key="alertDfltRecp_fk5" lazy="proxy" fetch="select">
            <column name="alert_group_id" not-null="false" sql-type="INTEGER"/>
        </many-to-one>
    </class>
</hibernate-mapping>