<?xml version="1.0" encoding="UTF-8"?>
<!--
     Attention: Generated code! Do not modify by hand!
     Generated by: hibernate.hbm.xml.vsl in andromda-hibernate-cartridge.
  -->
<!DOCTYPE hibernate-mapping PUBLIC "-//Hibernate/Hibernate Mapping DTD 3.0//EN"
          "http://hibernate.sourceforge.net/hibernate-mapping-3.0.dtd">

<hibernate-mapping default-cascade="none">
    <class name="com.oatsystems.udm.ams.AlertUserPreferencesImpl" table="alert_user_preferences" dynamic-insert="false" dynamic-update="false">
        <id name="alertUserPreferencesId" type="java.lang.Long" unsaved-value="null">
            <column name="alert_user_preferences_id" sql-type="INTEGER"/>
            <generator class="native">
            </generator>
        </id>
        <property name="email" type="java.lang.String">
            <column name="email" not-null="false" unique="false" sql-type="NVARCHAR(100) COLLATE SQL_Latin1_General_CP1_CS_AS"/>
        </property>
        <property name="cellPhone" type="java.lang.String">
            <column name="cell_phone" not-null="false" unique="false" sql-type="NVARCHAR(20) COLLATE SQL_Latin1_General_CP1_CS_AS"/>
        </property>
        <property name="pager" type="java.lang.String">
            <column name="pager" not-null="false" unique="false" sql-type="NVARCHAR(20) COLLATE SQL_Latin1_General_CP1_CS_AS"/>
        </property>
        <property name="collateEmail" type="java.lang.Double">
            <column name="collate_email" not-null="true" unique="false" sql-type="NUMERIC(1)"/>
        </property>
        <property name="collateEmailTime" type="java.sql.Timestamp">
            <column name="collate_email_time" not-null="false" unique="false" sql-type="DATETIME"/>
        </property>
        <many-to-one name="user" class="com.oatsystems.udm.raf.UserImpl" foreign-key="alertUserPrefs_fk1" lazy="proxy" fetch="select">
            <column name="user_id" not-null="false" sql-type="INTEGER"/>
        </many-to-one>
    </class>
</hibernate-mapping>