<?xml version="1.0" encoding="UTF-8"?>
<!--
     Attention: Generated code! Do not modify by hand!
     Generated by: hibernate.hbm.xml.vsl in andromda-hibernate-cartridge.
  -->
<!DOCTYPE hibernate-mapping PUBLIC "-//Hibernate/Hibernate Mapping DTD 3.0//EN"
          "http://hibernate.sourceforge.net/hibernate-mapping-3.0.dtd">

<hibernate-mapping default-cascade="none">
    <class name="com.oatsystems.udm.ams.AlertAttributesImpl" table="alert_attributes" dynamic-insert="false" dynamic-update="false">
        <id name="alertValueId" type="java.lang.Long" unsaved-value="null">
            <column name="alert_value_id" sql-type="INTEGER"/>
            <generator class="native">
            </generator>
        </id>
        <property name="deleted" type="true_false">
            <column name="DELETED" not-null="false" unique="false" sql-type="CHAR(1)" default="'F'"/>
        </property>
        <property name="lastUpdateState" type="java.lang.Long">
            <column name="LAST_UPDATE_STATE" not-null="false" unique="false" sql-type="INTEGER"/>
        </property>
        <property name="state" type="java.lang.Long">
            <column name="STATE" not-null="false" unique="false" sql-type="INTEGER"/>
        </property>
        <property name="guid" type="java.lang.String">
            <column name="GUID" not-null="false" unique="false" sql-type="NVARCHAR(255) COLLATE SQL_Latin1_General_CP1_CS_AS"/>
        </property>
        <property name="paramName" type="java.lang.String">
            <column name="param_name" not-null="true" unique="false" sql-type="NVARCHAR(100) COLLATE SQL_Latin1_General_CP1_CS_AS"/>
        </property>
        <property name="paramValue" type="java.lang.String">
            <column name="param_value" not-null="true" unique="false" sql-type="NVARCHAR(100) COLLATE SQL_Latin1_General_CP1_CS_AS"/>
        </property>
        <property name="description" type="java.lang.String">
            <column name="description" not-null="false" unique="false" sql-type="NVARCHAR(500) COLLATE SQL_Latin1_General_CP1_CS_AS"/>
        </property>
        <property name="order" type="java.lang.Long">
            <column name="inorder" not-null="true" unique="false" sql-type="INTEGER"/>
        </property>
        <property name="show" type="java.lang.Double">
            <column name="show" not-null="true" unique="false" sql-type="NUMERIC(1)"/>
        </property>
        <many-to-one name="amsAlerts" class="com.oatsystems.udm.ams.AmsAlertsImpl" foreign-key="alertAttrs_fk1" lazy="proxy" fetch="select">
            <column name="alert_id" not-null="true" sql-type="INTEGER"/>
        </many-to-one>
    </class>
</hibernate-mapping>