<?xml version="1.0" encoding="UTF-8"?>
<!--
     Attention: Generated code! Do not modify by hand!
     Generated by: hibernate.hbm.xml.vsl in andromda-hibernate-cartridge.
  -->
<!DOCTYPE hibernate-mapping PUBLIC "-//Hibernate/Hibernate Mapping DTD 3.0//EN"
          "http://hibernate.sourceforge.net/hibernate-mapping-3.0.dtd">

<hibernate-mapping default-cascade="none">
    <class name="com.oatsystems.udm.ams.AlertSelectionCriteriaImpl" table="alert_selection_criteria" dynamic-insert="false" dynamic-update="false">
        <id name="alertSelectionCriteriaId" type="java.lang.Long" unsaved-value="null">
            <column name="alert_selection_criteria_id" sql-type="INTEGER"/>
            <generator class="native">
            </generator>
        </id>
        <property name="selectionCriteria" type="java.lang.String">
            <column name="selection_criteria" not-null="true" unique="false" sql-type="NVARCHAR(2000) COLLATE SQL_Latin1_General_CP1_CS_AS"/>
        </property>
        <many-to-one name="amsAlertTypes" class="com.oatsystems.udm.ams.AmsAlertTypesImpl" foreign-key="alertSelCritra_fk1" lazy="proxy" fetch="select">
            <column name="alert_type_id" not-null="true" sql-type="INTEGER"/>
        </many-to-one>
        <many-to-one name="user" class="com.oatsystems.udm.raf.UserImpl" foreign-key="alertSelCritra_fk2" lazy="proxy" fetch="select">
            <column name="user_id" not-null="true" sql-type="INTEGER"/>
        </many-to-one>
    </class>
</hibernate-mapping>