<?xml version="1.0" encoding="UTF-8"?>
<!--
     Attention: Generated code! Do not modify by hand!
     Generated by: hibernate.hbm.xml.vsl in andromda-hibernate-cartridge.
  -->
<!DOCTYPE hibernate-mapping PUBLIC "-//Hibernate/Hibernate Mapping DTD 3.0//EN"
          "http://hibernate.sourceforge.net/hibernate-mapping-3.0.dtd">

<hibernate-mapping default-cascade="none">
    <class name="com.oatsystems.udm.ams.AlertModesImpl" table="alert_modes" dynamic-insert="false" dynamic-update="false">
        <id name="alertModeId" type="java.lang.Long" unsaved-value="null">
            <column name="alert_mode_id" sql-type="INTEGER"/>
            <generator class="native">
            </generator>
        </id>
        <property name="deleted" type="true_false">
            <column name="DELETED" not-null="false" unique="false" sql-type="CHAR(1)" default="'F'"/>
        </property>
        <property name="lastUpdateState" type="java.lang.Long">
            <column name="LAST_UPDATE_STATE" not-null="false" unique="false" sql-type="INTEGER"/>
        </property>
        <property name="state" type="java.lang.Long">
            <column name="STATE" not-null="false" unique="false" sql-type="INTEGER"/>
        </property>
        <property name="guid" type="java.lang.String">
            <column name="GUID" not-null="false" unique="false" sql-type="NVARCHAR(255) COLLATE SQL_Latin1_General_CP1_CS_AS"/>
        </property>
        <property name="alertModeName" type="java.lang.String">
            <column name="alert_mode_name" not-null="true" unique="false" sql-type="NVARCHAR(100) COLLATE SQL_Latin1_General_CP1_CS_AS"/>
        </property>
        <property name="className" type="java.lang.String">
            <column name="class_name" not-null="false" unique="false" sql-type="NVARCHAR(200) COLLATE SQL_Latin1_General_CP1_CS_AS"/>
        </property>
        <set name="alertTemplatesses" order-by="alert_mode_id" lazy="true" fetch="select" inverse="true">
            <key foreign-key="alertTmpl_fk4">
                <column name="alert_mode_id" sql-type="INTEGER"/>
            </key>
            <one-to-many class="com.oatsystems.udm.ams.AlertTemplatesImpl"/>
        </set>
        <set name="alertDefaultRecipientsses" order-by="alert_mode_id" lazy="true" fetch="select" inverse="true">
            <key foreign-key="alertDfltRecp_fk1">
                <column name="alert_mode_id" sql-type="INTEGER"/>
            </key>
            <one-to-many class="com.oatsystems.udm.ams.AlertDefaultRecipientsImpl"/>
        </set>
        <set name="alertRecipientsLogs" order-by="alert_mode_id" lazy="true" fetch="select" inverse="true">
            <key foreign-key="alertRecpLog_fk2">
                <column name="alert_mode_id" sql-type="INTEGER"/>
            </key>
            <one-to-many class="com.oatsystems.udm.ams.AlertRecipientsLogImpl"/>
        </set>
    </class>
</hibernate-mapping>