<?xml version="1.0" encoding="UTF-8"?>
<!--
     Attention: Generated code! Do not modify by hand!
     Generated by: hibernate.hbm.xml.vsl in andromda-hibernate-cartridge.
  -->
<!DOCTYPE hibernate-mapping PUBLIC "-//Hibernate/Hibernate Mapping DTD 3.0//EN"
          "http://hibernate.sourceforge.net/hibernate-mapping-3.0.dtd">

<hibernate-mapping default-cascade="none">
    <class name="com.oatsystems.udm.ams.AlertTemplatesImpl" table="alert_templates" dynamic-insert="false" dynamic-update="false">
        <id name="alertTemplateId" type="java.lang.Long" unsaved-value="null">
            <column name="alert_template_id" sql-type="INTEGER"/>
            <generator class="native">
            </generator>
        </id>
        <property name="className" type="java.lang.String">
            <column name="class_name" not-null="false" unique="false" sql-type="NVARCHAR(200) COLLATE SQL_Latin1_General_CP1_CS_AS"/>
        </property>
        <many-to-one name="alertModes" class="com.oatsystems.udm.ams.AlertModesImpl" foreign-key="alertTmpl_fk4" lazy="proxy" fetch="select">
            <column name="alert_mode_id" not-null="true" sql-type="INTEGER"/>
        </many-to-one>
        <many-to-one name="groups" class="com.oatsystems.udm.raf.GroupsImpl" foreign-key="alertTmpl_fk2" lazy="proxy" fetch="select">
            <column name="group_id" not-null="false" sql-type="INTEGER"/>
        </many-to-one>
        <many-to-one name="roles" class="com.oatsystems.udm.raf.RolesImpl" foreign-key="alertTmpl_fk5" lazy="proxy" fetch="select">
            <column name="role_id" not-null="false" sql-type="INTEGER"/>
        </many-to-one>
        <many-to-one name="languages" class="com.oatsystems.udm.raf.LanguagesImpl" foreign-key="alertTmpl_fk3" lazy="proxy" fetch="select">
            <column name="language" not-null="false" sql-type="NVARCHAR(2) COLLATE SQL_Latin1_General_CP1_CS_AS"/>
        </many-to-one>
        <many-to-one name="amsAlertTypes" class="com.oatsystems.udm.ams.AmsAlertTypesImpl" foreign-key="alertTmpl_fk1" lazy="proxy" fetch="select">
            <column name="alert_type_id" not-null="true" sql-type="INTEGER"/>
        </many-to-one>
    </class>
</hibernate-mapping>