<?xml version="1.0" encoding="UTF-8"?>
<!--
     Attention: Generated code! Do not modify by hand!
     Generated by: hibernate.hbm.xml.vsl in andromda-hibernate-cartridge.
  -->
<!DOCTYPE hibernate-mapping PUBLIC "-//Hibernate/Hibernate Mapping DTD 3.0//EN"
          "http://hibernate.sourceforge.net/hibernate-mapping-3.0.dtd">

<hibernate-mapping default-cascade="none">
    <class name="com.oatsystems.udm.ams.AmsAlertsImpl" table="ams_alerts" dynamic-insert="false" dynamic-update="false">
        <id name="alertId" type="java.lang.Long" unsaved-value="null">
            <column name="alert_id" sql-type="INTEGER"/>
            <generator class="native">
            </generator>
        </id>
        <property name="deleted" type="true_false">
            <column name="DELETED" not-null="false" unique="false" sql-type="CHAR(1)" default="'F'"/>
        </property>
        <property name="lastUpdateState" type="java.lang.Long">
            <column name="LAST_UPDATE_STATE" not-null="false" unique="false" sql-type="INTEGER"/>
        </property>
        <property name="state" type="java.lang.Long">
            <column name="STATE" not-null="false" unique="false" sql-type="INTEGER"/>
        </property>
        <property name="guid" type="java.lang.String">
            <column name="GUID" not-null="false" unique="false" sql-type="NVARCHAR(255) COLLATE SQL_Latin1_General_CP1_CS_AS"/>
        </property>
        <property name="alertDescription" type="java.lang.String">
            <column name="alert_description" not-null="false" unique="false" sql-type="NVARCHAR(500) COLLATE SQL_Latin1_General_CP1_CS_AS"/>
        </property>
        <property name="alertData" type="java.lang.String">
            <column name="alert_data" not-null="false" unique="false" sql-type="NVARCHAR(2000) COLLATE SQL_Latin1_General_CP1_CS_AS"/>
        </property>
        <property name="alertTime" type="java.sql.Timestamp">
            <column name="alert_time" not-null="true" unique="false" sql-type="DATETIME"/>
        </property>
        <property name="locationEpc" type="java.lang.String">
            <column name="location_epc" not-null="false" unique="false" sql-type="NVARCHAR(100) COLLATE SQL_Latin1_General_CP1_CS_AS"/>
        </property>
        <set name="alertRecipientsLogs" order-by="alert_id" lazy="true" fetch="select" inverse="true">
            <key foreign-key="alertRecpLog_fk3">
                <column name="alert_id" sql-type="INTEGER"/>
            </key>
            <one-to-many class="com.oatsystems.udm.ams.AlertRecipientsLogImpl"/>
        </set>
        <set name="alertAttributesses" order-by="alert_id" lazy="true" fetch="select" inverse="true">
            <key foreign-key="alertAttrs_fk1">
                <column name="alert_id" sql-type="INTEGER"/>
            </key>
            <one-to-many class="com.oatsystems.udm.ams.AlertAttributesImpl"/>
        </set>
        <many-to-one name="amsAlertTypes" class="com.oatsystems.udm.ams.AmsAlertTypesImpl" foreign-key="amsAlerts_fk1" lazy="proxy" fetch="select">
            <column name="alert_type_id" not-null="false" sql-type="INTEGER"/>
        </many-to-one>
    </class>
</hibernate-mapping>