<?xml version="1.0" encoding="UTF-8"?>
<!--
     Attention: Generated code! Do not modify by hand!
     Generated by: hibernate.hbm.xml.vsl in andromda-hibernate-cartridge.
  -->
<!DOCTYPE hibernate-mapping PUBLIC "-//Hibernate/Hibernate Mapping DTD 3.0//EN"
          "http://hibernate.sourceforge.net/hibernate-mapping-3.0.dtd">

<hibernate-mapping default-cascade="none">
    <class name="com.oatsystems.udm.ams.AmsAlertTypesImpl" table="ams_alert_types" dynamic-insert="false" dynamic-update="false">
        <id name="alertTypeId" type="java.lang.Long" unsaved-value="null">
            <column name="alert_type_id" sql-type="INTEGER"/>
            <generator class="native">
            </generator>
        </id>
        <property name="deleted" type="true_false">
            <column name="DELETED" not-null="false" unique="false" sql-type="CHAR(1)" default="'F'"/>
        </property>
        <property name="lastUpdateState" type="java.lang.Long">
            <column name="LAST_UPDATE_STATE" not-null="false" unique="false" sql-type="INTEGER"/>
        </property>
        <property name="state" type="java.lang.Long">
            <column name="STATE" not-null="false" unique="false" sql-type="INTEGER"/>
        </property>
        <property name="guid" type="java.lang.String">
            <column name="GUID" not-null="false" unique="false" sql-type="NVARCHAR(255) COLLATE SQL_Latin1_General_CP1_CS_AS"/>
        </property>
        <property name="alertName" type="java.lang.String">
            <column name="alert_name" not-null="true" unique="false" sql-type="NVARCHAR(100) COLLATE SQL_Latin1_General_CP1_CS_AS"/>
        </property>
        <property name="collectiveEmail" type="java.lang.Double">
            <column name="collective_email" not-null="true" unique="false" sql-type="NUMERIC(1)"/>
        </property>
        <property name="alertPriority" type="java.lang.String">
            <column name="alert_priority" not-null="true" unique="false" sql-type="NVARCHAR(20) COLLATE SQL_Latin1_General_CP1_CS_AS"/>
        </property>
        <property name="className" type="java.lang.String">
            <column name="class_name" not-null="false" unique="false" sql-type="NVARCHAR(200) COLLATE SQL_Latin1_General_CP1_CS_AS"/>
        </property>
        <property name="timeToLive" type="java.lang.Long">
            <column name="time_to_live" not-null="true" unique="false" sql-type="INTEGER"/>
        </property>
        <set name="alertSelectionCriterias" order-by="alert_type_id" lazy="true" fetch="select" inverse="true">
            <key foreign-key="alertSelCritra_fk1">
                <column name="alert_type_id" sql-type="INTEGER"/>
            </key>
            <one-to-many class="com.oatsystems.udm.ams.AlertSelectionCriteriaImpl"/>
        </set>
        <set name="amsAlertsses" order-by="alert_type_id" lazy="true" fetch="select" inverse="true">
            <key foreign-key="amsAlerts_fk1">
                <column name="alert_type_id" sql-type="INTEGER"/>
            </key>
            <one-to-many class="com.oatsystems.udm.ams.AmsAlertsImpl"/>
        </set>
        <set name="alertTypeAttributesses" order-by="alert_type_id" lazy="true" fetch="select" inverse="true">
            <key foreign-key="alertTypeAttrs_fk1">
                <column name="alert_type_id" sql-type="INTEGER"/>
            </key>
            <one-to-many class="com.oatsystems.udm.ams.AlertTypeAttributesImpl"/>
        </set>
        <set name="alertDefaultRecipientsses" order-by="alert_type_id" lazy="true" fetch="select" inverse="true">
            <key foreign-key="alertDfltRecp_fk2">
                <column name="alert_type_id" sql-type="INTEGER"/>
            </key>
            <one-to-many class="com.oatsystems.udm.ams.AlertDefaultRecipientsImpl"/>
        </set>
        <set name="alertTemplatesses" order-by="alert_type_id" lazy="true" fetch="select" inverse="true">
            <key foreign-key="alertTmpl_fk1">
                <column name="alert_type_id" sql-type="INTEGER"/>
            </key>
            <one-to-many class="com.oatsystems.udm.ams.AlertTemplatesImpl"/>
        </set>
        <many-to-one name="alertGroups" class="com.oatsystems.udm.ams.AlertGroupsImpl" foreign-key="amsAlertTypes_fk1" lazy="proxy" fetch="select">
            <column name="alert_group_id" not-null="false" sql-type="INTEGER"/>
        </many-to-one>
    </class>
</hibernate-mapping>