<?xml version="1.0" encoding="UTF-8"?>
<!--
     Attention: Generated code! Do not modify by hand!
     Generated by: hibernate.hbm.xml.vsl in andromda-hibernate-cartridge.
  -->
<!DOCTYPE hibernate-mapping PUBLIC "-//Hibernate/Hibernate Mapping DTD 3.0//EN"
          "http://hibernate.sourceforge.net/hibernate-mapping-3.0.dtd">

<hibernate-mapping default-cascade="none">
    <class name="com.oatsystems.udm.aggregate.InventoryFactImpl" table="inventory_fact" dynamic-insert="false" dynamic-update="false">
        <id name="inventoryFactId" type="java.lang.Long" unsaved-value="null">
            <column name="inventory_fact_id" sql-type="INTEGER"/>
            <generator class="native">
            </generator>
        </id>
        <property name="deleted" type="true_false">
            <column name="DELETED" not-null="false" unique="false" sql-type="CHAR(1)" default="'F'"/>
        </property>
        <property name="lastUpdateState" type="java.lang.Long">
            <column name="LAST_UPDATE_STATE" not-null="false" unique="false" sql-type="INTEGER"/>
        </property>
        <property name="state" type="java.lang.Long">
            <column name="STATE" not-null="false" unique="false" sql-type="INTEGER"/>
        </property>
        <property name="guid" type="java.lang.String">
            <column name="GUID" not-null="false" unique="false" sql-type="NVARCHAR(255) COLLATE SQL_Latin1_General_CP1_CS_AS"/>
        </property>
        <property name="timeIntervalNum" type="java.lang.Long">
            <column name="time_interval_num" not-null="true" unique="false" sql-type="INTEGER"/>
        </property>
        <property name="endPeriodTs" type="java.sql.Timestamp">
            <column name="end_period_ts" not-null="true" unique="false" sql-type="DATETIME"/>
        </property>
        <property name="addedInPeriod" type="java.lang.Long">
            <column name="added_in_period" not-null="false" unique="false" sql-type="INTEGER"/>
        </property>
        <property name="removedInPeriod" type="java.lang.Long">
            <column name="removed_in_period" not-null="false" unique="false" sql-type="INTEGER"/>
        </property>
        <property name="countAtEnd" type="java.lang.Long">
            <column name="count_at_end" not-null="true" unique="false" sql-type="INTEGER"/>
        </property>
        <property name="minInPeriod" type="java.lang.Long">
            <column name="min_in_period" not-null="true" unique="false" sql-type="INTEGER"/>
        </property>
        <property name="maxInPeriod" type="java.lang.Long">
            <column name="max_in_period" not-null="true" unique="false" sql-type="INTEGER"/>
        </property>
        <many-to-one name="timeIntervalType" class="com.oatsystems.udm.aggregate.TimeIntervalTypeImpl" foreign-key="inventoryFact_fk1" lazy="proxy" fetch="select">
            <column name="time_interval_name" not-null="true" sql-type="INTEGER"/>
        </many-to-one>
        <many-to-one name="location" class="com.oatsystems.udm.physical.LocationImpl" foreign-key="inventoryFact_fk4" lazy="proxy" fetch="select">
            <column name="location_id" not-null="false" sql-type="INTEGER"/>
        </many-to-one>
        <many-to-one name="sensewareInstall" class="com.oatsystems.udm.sw.SensewareInstallImpl" foreign-key="inventoryFact_fk5" lazy="proxy" fetch="select">
            <column name="senseware_install_id" not-null="false" sql-type="INTEGER"/>
        </many-to-one>
        <many-to-one name="product" class="com.oatsystems.udm.logicalProduct.ProductImpl" foreign-key="inventoryFact_fk2" lazy="proxy" fetch="select">
            <column name="product_id" not-null="false" sql-type="INTEGER"/>
        </many-to-one>
        <many-to-one name="timeDim" class="com.oatsystems.udm.aggregate.TimeDimImpl" foreign-key="inventoryFact_fk6" lazy="proxy" fetch="select">
            <column name="julian_day" not-null="true" sql-type="INTEGER"/>
        </many-to-one>
        <many-to-one name="inventoryType" class="com.oatsystems.udm.aggregate.InventoryTypeImpl" foreign-key="inventoryFact_fk3" lazy="proxy" fetch="select">
            <column name="inventory_type_id" not-null="false" sql-type="INTEGER"/>
        </many-to-one>
    </class>
</hibernate-mapping>