<?xml version="1.0" encoding="UTF-8"?>
<!--
     Attention: Generated code! Do not modify by hand!
     Generated by: hibernate.hbm.xml.vsl in andromda-hibernate-cartridge.
  -->
<!DOCTYPE hibernate-mapping PUBLIC "-//Hibernate/Hibernate Mapping DTD 3.0//EN"
          "http://hibernate.sourceforge.net/hibernate-mapping-3.0.dtd">

<hibernate-mapping default-cascade="none">
    <class name="com.oatsystems.udm.aggregate.InventoryLogImpl" table="inventory_log" dynamic-insert="false" dynamic-update="false">
        <id name="inventoryLogId" type="java.lang.Long" unsaved-value="null">
            <column name="inventory_log_id" sql-type="INTEGER"/>
            <generator class="native">
            </generator>
        </id>
        <property name="deleted" type="true_false">
            <column name="DELETED" not-null="false" unique="false" sql-type="CHAR(1)" default="'F'"/>
        </property>
        <property name="lastUpdateState" type="java.lang.Long">
            <column name="LAST_UPDATE_STATE" not-null="false" unique="false" sql-type="INTEGER"/>
        </property>
        <property name="state" type="java.lang.Long">
            <column name="STATE" not-null="false" unique="false" sql-type="INTEGER"/>
        </property>
        <property name="guid" type="java.lang.String">
            <column name="GUID" not-null="false" unique="false" sql-type="NVARCHAR(255) COLLATE SQL_Latin1_General_CP1_CS_AS"/>
        </property>
        <property name="timestamp" type="java.lang.Long">
            <column name="timestamp" not-null="false" unique="false" sql-type="BIGINT"/>
        </property>
        <property name="added" type="java.lang.Long">
            <column name="added" not-null="false" unique="false" sql-type="INTEGER"/>
        </property>
        <property name="removed" type="java.lang.Long">
            <column name="removed" not-null="false" unique="false" sql-type="INTEGER"/>
        </property>
        <property name="isOpen" type="true_false">
            <column name="is_open" not-null="false" unique="false" sql-type="CHAR(1)" default="'F'"/>
        </property>
        <property name="isError" type="true_false">
            <column name="is_error" not-null="false" unique="false" sql-type="CHAR(1)" default="'F'"/>
        </property>
        <many-to-one name="inventoryType" class="com.oatsystems.udm.aggregate.InventoryTypeImpl" foreign-key="inventoryLog_fk2" lazy="proxy" fetch="select">
            <column name="inventory_type_id" not-null="false" sql-type="INTEGER"/>
        </many-to-one>
        <many-to-one name="product" class="com.oatsystems.udm.logicalProduct.ProductImpl" foreign-key="inventoryLog_fk1" lazy="proxy" fetch="select">
            <column name="product_id" not-null="false" sql-type="INTEGER"/>
        </many-to-one>
        <many-to-one name="location" class="com.oatsystems.udm.physical.LocationImpl" foreign-key="inventoryLog_fk3" lazy="proxy" fetch="select">
            <column name="location_id" not-null="false" sql-type="INTEGER"/>
        </many-to-one>
    </class>
</hibernate-mapping>