<?xml version="1.0" encoding="UTF-8"?>
<!--
     Attention: Generated code! Do not modify by hand!
     Generated by: hibernate.hbm.xml.vsl in andromda-hibernate-cartridge.
  -->
<!DOCTYPE hibernate-mapping PUBLIC "-//Hibernate/Hibernate Mapping DTD 3.0//EN"
          "http://hibernate.sourceforge.net/hibernate-mapping-3.0.dtd">

<hibernate-mapping default-cascade="none">
    <class name="com.oatsystems.udm.aggregate.InventoryInitImpl" table="inventory_init" dynamic-insert="false" dynamic-update="false">
        <id name="inventoryInitId" type="java.lang.Long" unsaved-value="null">
            <column name="inventory_init_id" sql-type="INTEGER"/>
            <generator class="native">
            </generator>
        </id>
        <property name="productId" type="java.lang.Long">
            <column name="product_id" not-null="false" unique="false" sql-type="INTEGER"/>
        </property>
        <property name="locationId" type="java.lang.Long">
            <column name="location_id" not-null="false" unique="false" sql-type="INTEGER"/>
        </property>
        <property name="objectId" type="java.lang.Long">
            <column name="object_id" not-null="false" unique="false" sql-type="INTEGER"/>
        </property>
        <property name="parentObjectId" type="java.lang.Long">
            <column name="parent_object_id" not-null="false" unique="false" sql-type="INTEGER"/>
        </property>
    </class>
</hibernate-mapping>