<?xml version="1.0" encoding="UTF-8"?>
<!--
     Attention: Generated code! Do not modify by hand!
     Generated by: hibernate.hbm.xml.vsl in andromda-hibernate-cartridge.
  -->
<!DOCTYPE hibernate-mapping PUBLIC "-//Hibernate/Hibernate Mapping DTD 3.0//EN"
          "http://hibernate.sourceforge.net/hibernate-mapping-3.0.dtd">

<hibernate-mapping default-cascade="none">
    <class name="com.oatsystems.udm.aggregate.LocationAncestorImpl" table="location_ancestor" dynamic-insert="false" dynamic-update="false">
        <id name="locationAncestorId" type="java.lang.Long" unsaved-value="null">
            <column name="location_ancestor_id" sql-type="INTEGER"/>
            <generator class="native">
            </generator>
        </id>
        <property name="locationEpc" type="java.lang.String">
            <column name="location_epc" not-null="false" unique="false" sql-type="NVARCHAR(100) COLLATE SQL_Latin1_General_CP1_CS_AS"/>
        </property>
        <property name="ancestorLocationEpc" type="java.lang.String">
            <column name="ancestor_location_epc" not-null="false" unique="false" sql-type="NVARCHAR(100) COLLATE SQL_Latin1_General_CP1_CS_AS"/>
        </property>
        <many-to-one name="ancestorLocation" class="com.oatsystems.udm.physical.LocationImpl" foreign-key="locAncestor_fk2" lazy="proxy" fetch="select">
            <column name="ancestor_location_id" not-null="false" sql-type="INTEGER"/>
        </many-to-one>
        <many-to-one name="location" class="com.oatsystems.udm.physical.LocationImpl" foreign-key="locAncestor_fk1" lazy="proxy" fetch="select">
            <column name="location_id" not-null="false" sql-type="INTEGER"/>
        </many-to-one>
    </class>
</hibernate-mapping>