<?xml version="1.0" encoding="UTF-8"?>
<!--
     Attention: Generated code! Do not modify by hand!
     Generated by: hibernate.hbm.xml.vsl in andromda-hibernate-cartridge.
  -->
<!DOCTYPE hibernate-mapping PUBLIC "-//Hibernate/Hibernate Mapping DTD 3.0//EN"
          "http://hibernate.sourceforge.net/hibernate-mapping-3.0.dtd">

<hibernate-mapping default-cascade="none">
    <class name="com.oatsystems.udm.aggregate.TimeIntervalConfigImpl" table="time_interval_config" dynamic-insert="false" dynamic-update="false">
        <id name="timeIntervalConfigId" type="java.lang.Long" unsaved-value="null">
            <column name="time_interval_config_id" sql-type="INTEGER"/>
            <generator class="native">
            </generator>
        </id>
        <property name="numIntervals" type="java.lang.Long">
            <column name="num_intervals" not-null="true" unique="false" sql-type="INTEGER"/>
        </property>
        <property name="retention" type="java.lang.Long">
            <column name="retention" not-null="true" unique="false" sql-type="INTEGER"/>
        </property>
        <many-to-one name="timeIntervalType" class="com.oatsystems.udm.aggregate.TimeIntervalTypeImpl" foreign-key="timeIntrvlCfg_fk1" lazy="proxy" fetch="select">
            <column name="time_interval_id" not-null="true" sql-type="INTEGER"/>
        </many-to-one>
    </class>
</hibernate-mapping>