<?xml version="1.0" encoding="UTF-8"?>
<!--
     Attention: Generated code! Do not modify by hand!
     Generated by: hibernate.hbm.xml.vsl in andromda-hibernate-cartridge.
  -->
<!DOCTYPE hibernate-mapping PUBLIC "-//Hibernate/Hibernate Mapping DTD 3.0//EN"
          "http://hibernate.sourceforge.net/hibernate-mapping-3.0.dtd">

<hibernate-mapping default-cascade="none">
    <class name="com.oatsystems.udm.aggregate.TimeIntervalTypeImpl" table="time_interval_type" dynamic-insert="false" dynamic-update="false">
        <id name="timeIntervalId" type="java.lang.Long" unsaved-value="null">
            <column name="time_interval_id" sql-type="INTEGER"/>
            <generator class="native">
            </generator>
        </id>
        <property name="deleted" type="true_false">
            <column name="DELETED" not-null="false" unique="false" sql-type="CHAR(1)" default="'F'"/>
        </property>
        <property name="lastUpdateState" type="java.lang.Long">
            <column name="LAST_UPDATE_STATE" not-null="false" unique="false" sql-type="INTEGER"/>
        </property>
        <property name="state" type="java.lang.Long">
            <column name="STATE" not-null="false" unique="false" sql-type="INTEGER"/>
        </property>
        <property name="guid" type="java.lang.String">
            <column name="GUID" not-null="false" unique="false" sql-type="NVARCHAR(255) COLLATE SQL_Latin1_General_CP1_CS_AS"/>
        </property>
        <property name="intervalName" type="java.lang.String">
            <column name="interval_name" not-null="true" unique="false" sql-type="NVARCHAR(4) COLLATE SQL_Latin1_General_CP1_CS_AS"/>
        </property>
        <property name="intervalDesc" type="java.lang.String">
            <column name="interval_desc" not-null="true" unique="false" sql-type="NVARCHAR(100) COLLATE SQL_Latin1_General_CP1_CS_AS"/>
        </property>
        <property name="approxDurationMs" type="java.lang.Long">
            <column name="approx_duration_ms" not-null="true" unique="false" sql-type="INTEGER"/>
        </property>
        <set name="timeIntervalConfigs" order-by="time_interval_id" lazy="true" fetch="select" inverse="true">
            <key foreign-key="timeIntrvlCfg_fk1">
                <column name="time_interval_id" sql-type="INTEGER"/>
            </key>
            <one-to-many class="com.oatsystems.udm.aggregate.TimeIntervalConfigImpl"/>
        </set>
        <set name="inventoryFacts" order-by="time_interval_name" lazy="true" fetch="select" inverse="true">
            <key foreign-key="inventoryFact_fk1">
                <column name="time_interval_name" sql-type="INTEGER"/>
            </key>
            <one-to-many class="com.oatsystems.udm.aggregate.InventoryFactImpl"/>
        </set>
    </class>
</hibernate-mapping>