<?xml version="1.0" encoding="UTF-8"?>
<!--
     Attention: Generated code! Do not modify by hand!
     Generated by: hibernate.hbm.xml.vsl in andromda-hibernate-cartridge.
  -->
<!DOCTYPE hibernate-mapping PUBLIC "-//Hibernate/Hibernate Mapping DTD 3.0//EN"
          "http://hibernate.sourceforge.net/hibernate-mapping-3.0.dtd">

<hibernate-mapping default-cascade="none">
    <class name="com.oatsystems.udm.aggregate.TimeDimImpl" table="time_dim" dynamic-insert="false" dynamic-update="false">
        <id name="timeDimId" type="java.lang.Long" unsaved-value="null">
            <column name="time_dim_id" sql-type="INTEGER"/>
            <generator class="native">
            </generator>
        </id>
        <property name="deleted" type="true_false">
            <column name="DELETED" not-null="false" unique="false" sql-type="CHAR(1)" default="'F'"/>
        </property>
        <property name="lastUpdateState" type="java.lang.Long">
            <column name="LAST_UPDATE_STATE" not-null="false" unique="false" sql-type="INTEGER"/>
        </property>
        <property name="state" type="java.lang.Long">
            <column name="STATE" not-null="false" unique="false" sql-type="INTEGER"/>
        </property>
        <property name="guid" type="java.lang.String">
            <column name="GUID" not-null="false" unique="false" sql-type="NVARCHAR(255) COLLATE SQL_Latin1_General_CP1_CS_AS"/>
        </property>
        <property name="isoDate" type="java.lang.String">
            <column name="iso_date" not-null="false" unique="false" sql-type="NVARCHAR(100) COLLATE SQL_Latin1_General_CP1_CS_AS"/>
        </property>
        <property name="dbDate" type="java.util.Date">
            <column name="db_date" not-null="false" unique="false" sql-type="DATETIME"/>
        </property>
        <property name="dayOfMonth" type="java.lang.Long">
            <column name="day_of_month" not-null="false" unique="false" sql-type="INTEGER"/>
        </property>
        <property name="monthOfYear" type="java.lang.Long">
            <column name="month_of_year" not-null="false" unique="false" sql-type="INTEGER"/>
        </property>
        <property name="year" type="java.lang.Long">
            <column name="year" not-null="false" unique="false" sql-type="INTEGER"/>
        </property>
        <property name="julianDay" type="java.lang.Long">
            <column name="julian_day" not-null="false" unique="false" sql-type="INTEGER"/>
        </property>
        <property name="dayOfYear" type="java.lang.Long">
            <column name="day_of_year" not-null="false" unique="false" sql-type="INTEGER"/>
        </property>
        <property name="dayOfWeek" type="java.lang.Long">
            <column name="day_of_week" not-null="false" unique="false" sql-type="INTEGER"/>
        </property>
        <property name="weekOfYear" type="java.lang.Long">
            <column name="week_of_year" not-null="false" unique="false" sql-type="INTEGER"/>
        </property>
        <property name="weekOfMonth" type="java.lang.Long">
            <column name="week_of_month" not-null="false" unique="false" sql-type="INTEGER"/>
        </property>
        <property name="hoursInDay" type="java.lang.Long">
            <column name="hours_in_day" not-null="false" unique="false" sql-type="INTEGER"/>
        </property>
        <property name="isHoliday" type="true_false">
            <column name="is_holiday" not-null="false" unique="false" sql-type="CHAR(1)" default="'F'"/>
        </property>
        <property name="isWeekday" type="true_false">
            <column name="is_weekday" not-null="false" unique="false" sql-type="CHAR(1)" default="'F'"/>
        </property>
        <property name="quarter" type="java.lang.String">
            <column name="quarter" not-null="false" unique="false" sql-type="NVARCHAR(10) COLLATE SQL_Latin1_General_CP1_CS_AS"/>
        </property>
        <property name="fiscalPeriod" type="java.lang.String">
            <column name="fiscal_period" not-null="false" unique="false" sql-type="NVARCHAR(10) COLLATE SQL_Latin1_General_CP1_CS_AS"/>
        </property>
        <property name="isLastDayOfMonth" type="true_false">
            <column name="is_last_day_of_month" not-null="false" unique="false" sql-type="CHAR(1)" default="'F'"/>
        </property>
        <property name="isLastDayOfYear" type="true_false">
            <column name="is_last_day_of_year" not-null="false" unique="false" sql-type="CHAR(1)" default="'F'"/>
        </property>
        <property name="season" type="java.lang.String">
            <column name="season" not-null="false" unique="false" sql-type="NVARCHAR(10) COLLATE SQL_Latin1_General_CP1_CS_AS"/>
        </property>
        <property name="event" type="java.lang.String">
            <column name="event" not-null="false" unique="false" sql-type="NVARCHAR(50) COLLATE SQL_Latin1_General_CP1_CS_AS"/>
        </property>
        <set name="inventoryFacts" order-by="julian_day" lazy="true" fetch="select" inverse="true">
            <key foreign-key="inventoryFact_fk6">
                <column name="julian_day" sql-type="INTEGER"/>
            </key>
            <one-to-many class="com.oatsystems.udm.aggregate.InventoryFactImpl"/>
        </set>
    </class>
</hibernate-mapping>